Organizations,Description,Vote,Available_2009_10,Spent_2009_10,Available_2010_11,Spent_2010_11,Available_2011_12,Spent_2011_12
Agriculture and Agri-Food,Operating expenditures,1,770999255,715330073,778798330,712478274,756690489,704941276
Agriculture and Agri-Food,Capital expenditures,5,63889810,56634267,57859744,51859188,34150756,28848626
Agriculture and Agri-Food,Grants and contributions,10,502687428,292691158,577775977,411653229,459143202,359941850
Agriculture and Agri-Food,"Pursuant of section 29 of the Financial Administration Act, to authorize the Minister of Agriculture and AgriFood, on behalf of Her Majesty in right of Canada, in accordance with terms and conditions approved by the Minister of Finance, to guarantee payments of amounts not exceeding, at any one time, in aggregate, the sum of $1,500,000,000 payable in respect of cash advances provided by producer organizations, the Canadian Wheat Board and other lenders under the Enhanced Spring Credit Advance Program",15,1,0,,,,
Agriculture and Agri-Food,Canadian Pari-Mutuel Agency - Program expenditures,20,525000,515469,345000,178458,,
Agriculture and Agri-Food,"Pursuant to section 29 of the Financial Administration Act, to authorize the Minister of Agriculture and Agri-Food, on behalf of Her Majesty in right of Canada, in accordance with terms and conditions approved by the Minister of Finance, to guarantee payments of amounts not exceeding, at any time, in aggregate, the sum of $140,000,000 payable in respect of Line of Credit Agreements to be entered into by the Farm Credit Canada for the purpose of the renewed (2003) National Biomass Ethanol Program",20,1,0,1,0,,
Agriculture and Agri-Food, Contribution payments for the Agricultural Disaster Relief program - AgriRecovery,(S),-5930836,-5930836,256164031,256164031,230881403,230881403
Agriculture and Agri-Food,Canadian Cattlemen's Association Legacy Fund,(S),10000000,10000000,8435258,8435258,4893823,4893823
Agriculture and Agri-Food,Canadian Pari-Mutuel Agency Revolving Fund,(S),4410181,168025,4242156,822757,3922399,-253649
Agriculture and Agri-Food,Class contribution payments for Repositioning of the Canadian Beef and Cattle Industry,(S), ,,,,-466711,-466711
Agriculture and Agri-Food,Collection Agency Fees under section 17.1 of the Financial Administration Act,(S),2132,2132,274,274,,
Agriculture and Agri-Food,Contribution payments for the AgriInsurance program,(S),502915244,502915244,514918800,514918800,571643883,571643883
Agriculture and Agri-Food,Contribution Payments for the Grain and Oilseed Payment Program,(S),-79161,-79161,-8119,-8119,,
Agriculture and Agri-Food,Contributions for the Transitional Industry Support Program,(S),,,-2452,-2452,-48088,-48088
Agriculture and Agri-Food,Contributions in support of Business Risk Management Programs under the Agricultural Policy Framework - Agriculture Policy Initiatives,(S), ,,,,-321817,-321817
Agriculture and Agri-Food,Contributions in support of Business Risk Management Programs under the Agricultural Policy Framework - Province-Based Programs,(S),-346409,-346409,,,-531392,-531392
Agriculture and Agri-Food,Contributions in support of the Assistance to the Pork Industry Initiative,(S),285811910,285811910,35961951,35961951,,
Agriculture and Agri-Food,Contributions in support of the Canadian Agriculture Income Stabilization (CAIS) Inventory Transition Initiative,(S), ,,-169672,-169672,-202916,-202916
Agriculture and Agri-Food,Contributions in support of the Farm Income Payment,(S),,,-11332,-11332,-50382,-50382
Agriculture and Agri-Food,Contributions to a Transition to Future Risk Management Programming,(S),,,-12630,-12630,-44664,-44664
Agriculture and Agri-Food,Contributions to employee benefit plans,(S),82475926,82475926,81829460,81829460,80766056,80766056
Agriculture and Agri-Food,Crop Insurance Programs,(S),,,,,-35769,-35769
Agriculture and Agri-Food,Expenditures pursuant to Section 29 of the Financial Administration Act for Payments pursuant to Guaranties under the Spring Credit Advance Program,(S),-2094826,-2094826,-1060707,-1060707,-6139593,-6139593
Agriculture and Agri-Food,Grant and Contribution Payments for the AgriStability Program,(S),524703536,524703536,371542680,371542680,289338103,289338103
Agriculture and Agri-Food,Grant Payments for the Grain and Oilseed Payment Program,(S),-263742,-263742,-129908,-129908,-33725,-33725
Agriculture and Agri-Food,Grants and Contribution payments for the AgriInvest Program,(S),140279526,140279526,196642294,196642294,248429161,248429161
Agriculture and Agri-Food,Grants and contributions for the AgriInvest Kickstart Program,(S),-12516727,-12516727,-2819404,-2819404,-537408,-537408
Agriculture and Agri-Food,Grants and Contributions in support of the Cost of Production Benefit,(S),-1324896,-1324896,-187601,-187601,-5784,-5784
Agriculture and Agri-Food,Grants for the Transitional Industry Support Program,(S),-42326,-42326,-31441,-31441,-63445,-63445
Agriculture and Agri-Food,Grants in support of the Canadian Agriculture Income Stabilization (CAIS) Inventory Transition Initiative,(S),-80392,-80392,-1520071,-1520071,-1732956,-1732956
Agriculture and Agri-Food,Grants in support of the Cull Breeding Swine Program,(S),-17900000,-17900000,,,,
Agriculture and Agri-Food,Grants in support of the Farm Income Payment,(S),-19341,-19341,-22178,-22178,-80733,-80733
Agriculture and Agri-Food,"Grants to agencies established under the Farm Products Agencies Act (R.S.C., 1985, c. ;F-4)",(S),600000,0,600000,0,600000,0
Agriculture and Agri-Food,Loan guarantees under the Canadian Agricultural Loans Act,(S),2032185,2032185,232470,232470,141041,141041
Agriculture and Agri-Food,Minister's Salary and Motor Car Allowance ,(S),77638,77638,77638,77638,77536,77536
Agriculture and Agri-Food,Net Income Stabilization Account,(S),,,,,-100533,-100533
Agriculture and Agri-Food,"Payments in connection with the Agricultural Marketing Programs Act (S.C., 1997, c. C-34)",(S),28545776,28545776,33997707,33997707,44949155,44949155
Agriculture and Agri-Food,Refunds of Previous Years Revenue,(S),8214,8214,4879,4879,8359,8359
Agriculture and Agri-Food,Spending of Amounts Equivalent to Proceeds from Disposal of Surplus Moveable Crown Assets,(S),4203456,3596253,4870099,3948399,5621093,3443918
Assisted Human Reproduction Agency of Canada,Program expenditures,15,10015117,4800840,10438838,4764036,10422425,3212347
Assisted Human Reproduction Agency of Canada,Contributions to employee benefit plans,(S),390644,390644,411751,411751,251491,251491
Atlantic Canada Opportunities Agency,Operating expenditures,1,93725161,85687726,90084009,84601364,88981325,83574012
Atlantic Canada Opportunities Agency,Grants and contributions,5,262808368,262808180,312141405,308763060,243470120,236470120
Atlantic Canada Opportunities Agency,"Pursuant to subsection 25(2) of the Financial Administration Act, to write off from the Accounts of Canada $456,680 in principal and $279,053 in interest for loans made to industry by the Newfoundland and Labrador Development Corporation—Transfer of $456,680 from Atlantic Canada Opportunities Agency Vote 1, and $279,053 from Atlantic Canada Opportunities Agency Vote 5 Transfer from: Vote 1 Vote 5",7,735734,735733,,,,
Atlantic Canada Opportunities Agency,Contributions to employee benefit plans,(S),10519881,10519881,10009125,10009125,10339813,10339813
Atlantic Canada Opportunities Agency,Minister's Salary and Motor Car Allowance ,(S),,,,,1500,1500
Atlantic Canada Opportunities Agency,Refunds of Previous Years Revenue,(S),4988,4988,,,54185,54185
Atlantic Canada Opportunities Agency,Spending of Amounts Equivalent to Proceeds from Disposal of Surplus Moveable Crown Assets,(S),26545,19818,24844,22505,37830,14151
Atlantic Canada Opportunities Agency,Transfer Payments in Connection with the Budget Implementation Act,(S),44067097,44067097,5062903,5062903,,
Atomic Energy of Canada Limited,Operating and Capital expenditures,15,841691000,841691000,771452000,771452000,617143001,537031083
Atomic Energy of Canada Limited,"Pursuant to section 2146 of the Jobs and Economic Growth Act, for the divestiture of Atomic Energy of Canada Limited",(S),,,,,182000000,182000000
Auditor General,Program expenditures,20,81644126,77283499,78780804,76588907,84590315,79266383
Auditor General,Contributions to employee benefit plans,(S),10523811,10523811,10076695,10076695,10543651,10543651
Auditor General,Spending of Amounts Equivalent to Proceeds from Disposal of Surplus Moveable Crown Assets,(S),308,308,1071,1071,1886,1886
Canada Border Services Agency,Operating expenditures,10,1538564451,1426053519,1515563535,1453495095,1677761089,1521118147
Canada Border Services Agency,Capital expenditures,15,116639089,32657101,181238519,59772455,239192416,122748593
Canada Border Services Agency,Collection Agency Fees under section 17.1 of the Financial Administration Act,(S),481,481,190,190,,
Canada Border Services Agency,Contributions to employee benefit plans,(S),182101673,182101673,181999068,181999068,191151942,191151942
Canada Border Services Agency,Refunds of Previous Years Revenue,(S),59145,59145,33711,33711,91544,91544
Canada Border Services Agency,Spending of Amounts Equivalent to Proceeds from Disposal of Surplus Moveable Crown Assets,(S),340521,172293,393008,251599,354586,186724
Canada Council for the Arts,Payments to the Canada Council for the Arts,10,183115893,183115891,181823785,181637816,181917817,181417816
Canada Industrial Relations Board,Program expenditures,10,12151493,11712361,12110977,11711580,13053388,12212298
Canada Industrial Relations Board,Contributions to employee benefit plans,(S),1613871,1613871,1575819,1575819,1486626,1486626
Canada Industrial Relations Board,Spending of Amounts Equivalent to Proceeds from Disposal of Surplus Moveable Crown Assets,(S),865,0,891,0,919,0
Canada Mortgage and Housing Corporation,"To reimburse Canada Mortgage and Housing Corporation for the amounts of loans forgiven, grants, contributions and expenditures made, and losses, costs and expenses incurred under the provisions of the National Housing Act or in respect of the exercise of powers or the carrying out of duties or functions conferred on the Corporation pursuant to the authority of any Act of Parliament of Canada other than the National Housing Act, in accordance with the Corporation's authority under the Canada Mortgage and Housing Corporation Act",15,2329009000,2217458762,2993841000,2825040810,2161923000,2048052949
Canada Mortgage and Housing Corporation,Housing for Low-Income Seniors,(S),200000000,200000000,,,,
Canada Mortgage and Housing Corporation,Renovation and Retrofit of Social Housing,(S),424999873,424999873,75000000,75000000,,
Canada Mortgage and Housing Corporation,Transfer Payments in Connection with the Budget Implementation Act,(S),185697390,185697390,63395174,63395174,205640,205640
Canada Post Corporation,Payments to the Canada Post Corporation for special purposes,15,72862000,72862000,22210000,22210000,22210000,22210000
Canada Post Corporation,"In accordance with section 28 of the Canada Post Corporation Act and section 101 and subsection 127(3) of the Financial Administration Act, to authorize the Canada Post Corporation to borrow otherwise than from the Crown not exceeding from time to time an aggregate outstanding amount of $2,500,000,000 in accordance with terms and conditions approved by the Minister of Finance",17,1,0,,,,
Canada Post Corporation,"In accordance with section 28 of the Canada Post Corporation Act and section 101 and subsection127(3) of the Financial Administration Act, to authorize the Canada Post Corporation to borrow otherwise than from the Crown not exceeding from time to time an aggregate outstanding amount of $2,500,000,000 in accordance with terms and conditions approved by the Minister of Finance",20, ,,1,0,,
Canada Revenue Agency,"Operating expenditures, contributions and recoverable expenditures on behalf of the Canada Pension Plan and the Employment Insurance Act",1,3477046073,3297433933,3297039933,3170640318,3388883997,3158001277
Canada Revenue Agency,Capital expenditures and recoverable expenditures on behalf of the Canada Pension Plan and the Employment Insurance Act,5, ,,141243044,89495745,79656435,51689472
Canada Revenue Agency,Children's Special Allowance payments,(S),215264294,215264294,222437960,222437960,223545787,223545787
Canada Revenue Agency,Collection Agency Fees under section 17.1 of the Financial Administration Act,(S),3286468,3286468,2400,2400,3509,3509
Canada Revenue Agency,Contributions to employee benefit plans,(S),469400538,469400538,466011571,466011571,456860340,456860340
Canada Revenue Agency,Court Awards - Tax Court of Canada,(S),1496400,1496400,3839962,3839962,1366693,1366693
Canada Revenue Agency,"Disbursements to provinces under the Softwood Lumber Products Export Charge Act, 2006",(S),205545368,205545368,220735324,220735324,213871447,213871447
Canada Revenue Agency,Energy Cost Benefit,(S),12746,12746,4746,4746,1496,1496
Canada Revenue Agency,Losses on Foreign Exchange,(S),,,,,249190,249190
Canada Revenue Agency,Minister's Salary and Motor Car Allowance ,(S),77638,77638,77638,77638,77536,77536
Canada Revenue Agency,Refunds of Previous Years Revenue,(S),,,6772,6772,,
Canada Revenue Agency,Spending of Amounts Equivalent to Proceeds from Disposal of Surplus Moveable Crown Assets,(S),110854,110854,195666,195666,165406,165406
Canada Revenue Agency,Spending of revenues received through the conduct of its operations pursuant to section 60 of the Canada Revenue Agency Act,(S),213920100,213920100,245117903,245117903,245459473,245459473
Canada School of Public Service,Program expenditures,40,65231597,58016731,58408413,51581225,56799797,50373377
Canada School of Public Service,Contributions to employee benefit plans,(S),12237776,12237776,11964438,11964438,11788861,11788861
Canada School of Public Service,Refunds of Previous Years Revenue,(S),,,,,525616,525616
Canada School of Public Service,Spending of Amounts Equivalent to Proceeds from Disposal of Surplus Moveable Crown Assets,(S),2466,2466,11303,1106,11497,1300
Canada School of Public Service,Spending of revenues pursuant to Section 18(2)of the Canada School of Public Service Act,(S),79480570,68013165,82972623,65087492,91004028,63251672
Canadian Air Transport Security Authority,Payments to the Canadian Air Transport Security Authority for operating and capital expenditures,20,625143000,603941000,595055399,573146000,582727000,515006000
Canadian Artists and Producers Professional Relations Tribunal,Program expenditures,20,1976990,990892,1988701,1078919,2023420,1150256
Canadian Artists and Producers Professional Relations Tribunal,Contributions to employee benefit plans,(S),124216,124216,121208,121208,132936,132936
Canadian Broadcasting Corporation,Payments to the Canadian Broadcasting Corporation for operating expenditures,15,1017587060,1017587060,1031581060,1031581060,1028047060,1028047060
Canadian Broadcasting Corporation,Payments to the Canadian Broadcasting Corporation for working capital,20,4000000,4000000,4000000,4000000,4000000,4000000
Canadian Broadcasting Corporation,Payments to the Canadian Broadcasting Corporation for capital expenditures,25,117929001,117929000,101564000,101564000,102272000,102272000
Canadian Broadcasting Corporation,"Pursuant to subsection 46.1(3)(b) of the Broadcasting Act, to authorize a total indebtedness in respect of borrowings under subsections 46.1(1) and 46.1(2) of the under subsections 46.1(1) and 46.1(2) of the Act of an amount not to exceed $220,000,000",27,1,0,,,,
Canadian Broadcasting Corporation,"Pursuant to subsection 46.1(3)(b) of the Broadcasting Act, to authorize a total indebtedness in respect of borrowings under subsections 46.1(1) and 46.1(2) of the Act of an amount not to exceed $220,000,000",30, ,,1,0,,
Canadian Centre for Occupational Health and Safety,Program expenditures,25,4462296,4129395,4501211,4323009,5203781,4166331
Canadian Centre for Occupational Health and Safety,Contributions to employee benefit plans,(S),1116586,1116586,1114798,1114798,1123993,1123993
Canadian Commercial Corporation,Payments to the Canadian Commercial Corporation,20,15745091,15745091,15549962,15481541,15481540,15481540
Canadian Dairy Commission,Program expenditures,25,4014358,4012897,4147084,4147084,4479524,4479524
Canadian Environmental Assessment Agency,Program expenditures,15,32369451,26948874,29566260,26140611,31959563,26426963
Canadian Environmental Assessment Agency,Contributions to employee benefit plans,(S),3410750,3410750,2893518,2893518,3131526,3131526
Canadian Environmental Assessment Agency,Spending of Amounts Equivalent to Proceeds from Disposal of Surplus Moveable Crown Assets,(S),1254,0,1737,0,963,0
Canadian Food Inspection Agency,Operating expenditures and contributions,20,618769942,591515374,617776573,592714877,617230647,579207923
Canadian Food Inspection Agency,Capital expenditures,25,39725379,34977586,44971182,41200610,29208522,13755212
Canadian Food Inspection Agency,Collection Agency Fees under section 17.1 of the Financial Administration Act,(S),1132,1132,1119,1119,2382,2382
Canadian Food Inspection Agency,"Compensation payments in accordance with requirements established by Regulations under the Health of Animals Act and the Plant Protection Act, and authorized pursuant to the Canadian Food Inspection Agency Act (S.C., 1997, c. 6)",(S),7273971,7273971,3589787,3589787,4223367,4223367
Canadian Food Inspection Agency,Contributions to employee benefit plans,(S),84193353,84193353,83570805,83570805,84443586,84443586
Canadian Food Inspection Agency,Refunds of Previous Years Revenue,(S),621,621,602,602,,
Canadian Food Inspection Agency,Spending of Amounts Equivalent to Proceeds from Disposal of Surplus Moveable Crown Assets,(S),664939,149772,857595,712821,461653,212539
Canadian Food Inspection Agency,Spending of Revenues pursuant to Section 30 of the Canadian Food Inspection Agency Act,(S), ,,,,58834871,55851349
Canadian Forces Grievance Board,Program expenditures,15,6606337,5094518,6482262,4954831,6840189,5727601
Canadian Forces Grievance Board,Contributions to employee benefit plans,(S),570436,570436,570814,570814,669410,669409
Canadian Forces Grievance Board,Spending of Amounts Equivalent to Proceeds from Disposal of Surplus Moveable Crown Assets,(S),541,0,756,756,,
Canadian Grain Commission,Program expenditures,30,40289418,39941618,31331251,31183896,35237639,35237639
Canadian Grain Commission,Canadian Grain Commission Revolving Fund,(S),34168371,-5946213,40114584,1507841,38606742,-1098073
Canadian Grain Commission,Contributions to employee benefit plans,(S),560831,560831,587337,587337,622222,622222
Canadian Grain Commission,Spending of Amounts Equivalent to Proceeds from Disposal of Surplus Moveable Crown Assets,(S),245626,245626,46560,46560,58224,58224
Canadian Heritage,Operating expenditures,1,304128294,278227785,236521048,220995426,223279931,205669690
Canadian Heritage,Grants and contributions,5,1180100786,1164187478,1071950696,1062798460,1089045219,1071847979
Canadian Heritage,Contributions to employee benefit plans,(S),29689702,29689702,27380763,27380763,25811435,25811435
Canadian Heritage,Minister's Salary and Motor Car Allowance ,(S),77638,77638,78876,78876,79551,79551
Canadian Heritage,Other Statutory Salaries and Allowances,(S),1209769,1209769,1246635,1246635,1262408,1262408
Canadian Heritage,"Payments under the Lieutenant-Governors Superannuation Act (R.S.C., 1985, c. L-8)",(S),872783,872783,905145,905145,879770,879770
Canadian Heritage,Spending of Amounts Equivalent to Proceeds from Disposal of Surplus Moveable Crown Assets,(S),149820,142999,2470806,6371,2749435,2737806
Canadian Heritage,Supplementary Retirement Benefits – Former Lieutenant-Governors,(S),225093,225093,220177,220177,203264,203264
Canadian Human Rights Commission,Program expenditures,10,20989179,19944884,21496477,20339731,22895397,21457760
Canadian Human Rights Commission,Contributions to employee benefit plans,(S),2684144,2684144,2727661,2727661,2804563,2804563
Canadian Human Rights Commission,Spending of Amounts Equivalent to Proceeds from Disposal of Surplus Moveable Crown Assets,(S), ,,38,38,,
Canadian Human Rights Tribunal,Program expenditures,15,4500721,3937426,4452615,4111969,5237948,4901909
Canadian Human Rights Tribunal,Contributions to employee benefit plans,(S),377254,377254,324558,324558,337885,337885
Canadian Human Rights Tribunal,Spending of Amounts Equivalent to Proceeds from Disposal of Surplus Moveable Crown Assets,(S),0,0,,,,
Canadian Institutes of Health Research,Operating expenditures,20,52698119,48843585,54255279,53589168,55908451,51699069
Canadian Institutes of Health Research,Grants,25,929326812,929144803,969214918,966828661,952647336,950729984
Canadian Institutes of Health Research,Contributions to employee benefit plans,(S),5744678,5744678,6453447,6453447,6662339,6662339
Canadian Institutes of Health Research,Spending of Amounts Equivalent to Proceeds from Disposal of Surplus Moveable Crown Assets,(S),22,0,10692,0,10692,0
Canadian Intergovernmental Conference Secretariat,Program expenditures,5,6486083,4737988,6511863,4843648,6639760,5227416
Canadian Intergovernmental Conference Secretariat,Contributions to employee benefit plans,(S),404041,404041,419661,419661,333196,333196
Canadian Intergovernmental Conference Secretariat,Spending of Amounts Equivalent to Proceeds from Disposal of Surplus Moveable Crown Assets,(S),,,143,0,143,0
Canadian International Development Agency,Operating expenditures,25,230887468,220709809,222173935,217227267,219963373,211491438
Canadian International Development Agency,Grants and contributions,30,3065330601,3059366945,3045536719,3043827527,3319155947,3278588220
Canadian International Development Agency,"Pursuant to section 24.1 of the Financial Administration Act, to forgive an amount up to $449,533,044 owed by the Government of the Islamic Republic of Pakistan, in relation to loan agreements, subject to the conditions described in the Memorandum of Understanding signed on April 20, 2006 between the Government of Canada and the Government of the Islamic Republic of Pakistan  ",32,449533044,16147699,,,,
Canadian International Development Agency,Collection Agency Fees under section 17.1 of the Financial Administration Act,(S),,,1691,1691,258,258
Canadian International Development Agency,Contributions to employee benefit plans,(S),27546453,27546453,27365616,27365616,26955888,26955888
Canadian International Development Agency,Encashment of notes issued to the development assistance funds of the international financial institutions in accordance with the International Development (Financial Institutions) Assistance Act,(S),268097439,268097439,249133809,249133809,285582426,285582426
Canadian International Development Agency,Losses on Foreign Exchange,(S),170184940,170184940,32026657,32026657,20088735,20088735
Canadian International Development Agency,Minister's Salary and Motor Car Allowance ,(S),77638,77638,77638,77638,77536,77536
Canadian International Development Agency,Payments for Foreign Aid,(S),,,20258857,20258857,22926021,22926021
Canadian International Development Agency,Spending of Amounts Equivalent to Proceeds from Disposal of Surplus Moveable Crown Assets,(S),3768,3768,6097,6097,6874,6874
Canadian International Development Agency,To forgive a debt due by the Government of the Islamic Republic of Pakistan ,(S),,,433385345,48790835,384594510,81546151
Canadian International Trade Tribunal,Program expenditures,25,9968923,9644951,10899767,9611620,11372978,9328928
Canadian International Trade Tribunal,Contributions to employee benefit plans,(S),1307442,1307442,1310606,1310606,1199978,1199978
Canadian International Trade Tribunal,Spending of Amounts Equivalent to Proceeds from Disposal of Surplus Moveable Crown Assets,(S),660,0,748,0,334,0
Canadian Museum for Human Rights,Payments to the Canadian Museum for Human Rights for operating and capital expenditures,30,26700000,26700000,56072657,56072657,31798633,21798633
Canadian Museum of Civilization,Payments to the Canadian Museum of Civilization for operating and capital expenditures,35,66355097,66355096,71218048,71218048,65198130,65198130
Canadian Museum of Immigration at Pier 21,Payments to the Canadian Museum of Immigration at Pier 21 for operating and capital expenditures,37, ,,,,9974440,9974440
Canadian Museum of Immigration at Pier 21,Payment to the Canadian Museum of Immigration at Pier 21,(S),,,4576085,4576085,3850160,3850160
Canadian Museum of Nature,Payments to the Canadian Museum of Nature for operating and capital expenditures,40,33436286,33436286,33281985,33281985,28591766,28591766
Canadian Northern Economic Development Agency,Operating expenditures,37,12994713,7061796,18145503,16973449,17237930,15399923
Canadian Northern Economic Development Agency,Contributions,39,20029521,17864003,48031951,44217850,32754757,31992730
Canadian Northern Economic Development Agency,Contributions to employee benefit plans,(S),739818,739818,,,,
Canadian Northern Economic Development Agency,Contributions to employee benefit plans,(S),,,1583486,1583486,1207038,1207038
Canadian Northern Economic Development Agency,Transfer Payments in Connection with the Budget Implementation Act,(S),13963580,13963580,1485768,1485768,,
Canadian Nuclear Safety Commission,Program expenditures,20,51111016,46282301,44755466,43485173,43431269,39864044
Canadian Nuclear Safety Commission,Contributions to employee benefit plans,(S),13977596,13977596,14110389,14110389,14459933,14459933
Canadian Nuclear Safety Commission,Expenditures pursuant to paragraph 29.1(1) of the Financial Administration Act,(S),79766834,78092168,80760424,78643028,84003440,81733689
Canadian Nuclear Safety Commission,Spending of Amounts Equivalent to Proceeds from Disposal of Surplus Moveable Crown Assets,(S), ,,11498,0,24002,11498
Canadian Polar Commission,Program expenditures,35,981942,890516,984294,946503,1191634,1141951
Canadian Polar Commission,Contributions to employee benefit plans,(S),65172,65172,70143,70143,121259,121259
Canadian Radio-television and Telecommunications Commission,Program expenditures,45,7933889,6061606,7562128,5355601,18803355,9245829
Canadian Radio-television and Telecommunications Commission,Contributions to employee benefit plans,(S),6372430,6372430,6165467,6165467,6436734,6436734
Canadian Radio-television and Telecommunications Commission,Spending of Amounts Equivalent to Proceeds from Disposal of Surplus Moveable Crown Assets,(S),150,150,375,375,3822,387
Canadian Security Intelligence Service,Program expenditures,20,442748425,425259211,456554255,441556427,523634140,491177125
Canadian Security Intelligence Service,Capital expenditures,25,44421001,44420602,31610000,29902873,,
Canadian Security Intelligence Service,Contributions to employee benefit plans,(S),41745174,41745174,43323489,43323489,48450953,48450953
Canadian Security Intelligence Service,Refunds of Previous Years Revenue,(S),4559,4559,2308,2308,,
Canadian Security Intelligence Service,Spending of Amounts Equivalent to Proceeds from Disposal of Surplus Moveable Crown Assets,(S),1952152,1660372,651824,438199,529542,257619
Canadian Space Agency,Operating expenditures,25,236634439,217973366,263367726,243787613,253795707,247901692
Canadian Space Agency,Capital expenditures,30,89582000,77011783,83894001,76708260,118662700,102802846
Canadian Space Agency,Grants and contributions,35,49063002,38491689,47634107,41405845,58159001,47041048
Canadian Space Agency,Contributions to employee benefit plans,(S),11077253,11077253,10920898,10920898,11360112,11360112
Canadian Space Agency,Spending of Amounts Equivalent to Proceeds from Disposal of Surplus Moveable Crown Assets,(S),30903,19235,22165,13193,40365,29817
Canadian Tourism Commission,Payments to the Canadian Tourism Commission,40,105101804,105101803,109464753,108564688,82033976,82033975
Canadian Transportation Accident Investigation and Safety Board,Program expenditures,10,28614667,27735527,28430362,27147548,29582943,28230467
Canadian Transportation Accident Investigation and Safety Board,Contributions to employee benefit plans,(S),3680452,3680452,3511810,3511810,3485605,3485605
Canadian Transportation Accident Investigation and Safety Board,Expenditures pursuant to paragraph 29.1(1) of the Financial Administration Act,(S),13880,13880,28569,28569,35700,35700
Canadian Transportation Accident Investigation and Safety Board,Spending of Amounts Equivalent to Proceeds from Disposal of Surplus Moveable Crown Assets,(S),19860,19379,46425,9646,57351,42009
Canadian Transportation Agency,Program expenditures,25,26128490,24626357,25863213,25300749,27019920,25846976
Canadian Transportation Agency,Contributions to employee benefit plans,(S),3414941,3414941,3487195,3487195,3460547,3460547
Canadian Transportation Agency,Spending of Amounts Equivalent to Proceeds from Disposal of Surplus Moveable Crown Assets,(S),225,0,2445,1677,932,164
Cape Breton Development Corporation,Payments to the Cape Breton Development Corporation for operating and capital expenditures,20,73484000,73484000,,,,
Chief Electoral Officer,Program expenditures,15,30886194,26746023,31418598,30224615,33620530,30834398
Chief Electoral Officer,Collection Agency Fees under section 17.1 of the Financial Administration Act,(S),34,34,2222,2222,426,426
Chief Electoral Officer,Contributions to employee benefit plans,(S),6194121,6194121,6756782,6756782,7530465,7530465
Chief Electoral Officer,Expenses of elections,(S),104426773,104426773,109258563,109258563,310650093,308316227
Chief Electoral Officer,Expenses under Electoral Boundaries Readjustment Act,(S),88456,88456,496555,496555,0,2333866
Chief Electoral Officer,Salary of the Chief Electoral Officer,(S),298971,298971,271525,271525,335439,335439
Chief Electoral Officer,Spending of Amounts Equivalent to Proceeds from Disposal of Surplus Moveable Crown Assets,(S),7435,7434,7376,7375,1175,1174
Citizenship and Immigration,Operating expenditures,1,584265932,558277887,602353362,571289333,604916309,569530870
Citizenship and Immigration,Grants and contributions,5,959636241,938463595,976736895,953050395,966286199,948590233
Citizenship and Immigration,"To write-off from the Accounts of Canada 4,726 debts due to Her Majesty in right of Canada amounting to $1,709,358 in the amount of $1,700,056 in 2011-12--Transfer of $9,302 from Citizenship and Immigration Vote 1",7,828006,820949,,,1709358,1684523
Citizenship and Immigration,Collection Agency Fees under section 17.1 of the Financial Administration Act,(S),8701,8701,,,,
Citizenship and Immigration,Contributions to employee benefit plans,(S),54407921,54407921,57015940,57015940,57968568,57968568
Citizenship and Immigration,Court Awards - Crown Liability and Proceedings Act,(S),34885,34885,68969,68969,113983,113984
Citizenship and Immigration,Minister's Salary and Motor Car Allowance ,(S),77638,77638,77638,77638,77536,77536
Citizenship and Immigration,Refunds of Previous Years Revenue,(S),24809733,24809733,8560597,8560597,5504249,5504249
Citizenship and Immigration,Spending of Amounts Equivalent to Proceeds from Disposal of Surplus Moveable Crown Assets,(S),16317,0,16411,5370,35336,20785
Commissioner for Federal Judicial Affairs,Operating expenditures,20,8910897,8329525,8599759,7905708,9346666,8713683
Commissioner for Federal Judicial Affairs,Canadian Judicial Council-Operating expenditures,25,1774796,1637353,1703166,1584244,1754600,1722471
Commissioner for Federal Judicial Affairs,Contributions to employee benefit plans,(S),995833,995833,927226,927226,944262,944262
Commissioner for Federal Judicial Affairs,"Judges' salaries, allowances and annuities, annuities to spouses and children of judges and lump sum payments to spouses of judges who die while in office (R.S.C., 1985, c. J-1)",(S),427367849,427367849,443169201,443169201,459802737,459802737
Commissioner for Federal Judicial Affairs,Spending of Amounts Equivalent to Proceeds from Disposal of Surplus Moveable Crown Assets,(S), ,,452,0,452,0
Communications Security Establishment,Program expenditures,17,,,,,272156314,239420258
Communications Security Establishment,Contributions to employee benefit plans,(S),,,,,12436322,12436322
Communications Security Establishment,Spending of Amounts Equivalent to Proceeds from Disposal of Surplus Moveable Crown Assets,(S), ,,,,5860,0
Copyright Board,Program expenditures,45,2949721,2479796,2976601,2306856,2815245,2291651
Copyright Board,Contributions to employee benefit plans,(S),251296,251296,259086,259086,249622,249623
Copyright Board,Spending of Amounts Equivalent to Proceeds from Disposal of Surplus Moveable Crown Assets,(S),414,0,414,0,,
Correctional Service of Canada,Operating expenditures,25,1900182342,1843191433,1985891953,1931774588,2372541738,2075159200
Correctional Service of Canada,Capital expenditures,30,246800000,200356601,337310720,222848605,567551977,345327345
Correctional Service of Canada,Contributions to employee benefit plans,(S),221698037,221698037,224444724,224444724,236931070,236931070
Correctional Service of Canada,CORCAN Revolving Fund,(S),9702424,-348011,10050435,-4794244,14844679,8104266
Correctional Service of Canada,Spending of Amounts Equivalent to Proceeds from Disposal of Surplus Moveable Crown Assets,(S),857821,204628,1991990,735535,2649098,1332226
Courts Administration Service,Program expenditures,30,60222293,59231473,58033535,56779055,71518518,66072269
Courts Administration Service,Contributions to employee benefit plans,(S),6937908,6937908,6859602,6859602,7146038,7146039
Courts Administration Service,Refunds of Previous Years Revenue,(S),,,31,31,31,31
Courts Administration Service,Spending of Amounts Equivalent to Proceeds from Disposal of Surplus Moveable Crown Assets,(S),12784,7840,9018,4944,12009,4074
Economic Development Agency of Canada for the Regions of Quebec,Operating expenditures,1,55277550,49871682,52596412,49840987,50757015,47559292
Economic Development Agency of Canada for the Regions of Quebec,Grants and contributions,5,287893060,246245028,472602185,418066046,266923537,252575814
Economic Development Agency of Canada for the Regions of Quebec,Contributions to employee benefit plans,(S),6161861,6161861,6010189,6010189,5785435,5785435
Economic Development Agency of Canada for the Regions of Quebec,Minister's Salary and Motor Car Allowance ,(S),2122,2122,2122,2122,354,354
Economic Development Agency of Canada for the Regions of Quebec,Spending of Amounts Equivalent to Proceeds from Disposal of Surplus Moveable Crown Assets,(S),50154,24593,31633,0,18082,0
Economic Development Agency of Canada for the Regions of Quebec,Transfer Payments in Connection with the Budget Implementation Act,(S),95749421,95749421,6086716,6086716,,
Enterprise Cape Breton Corporation,Payments to the Enterprise Cape Breton Corporation,10,10115000,10115000,83070000,83070000,80123000,77191000
Environment,Operating expenditures,1,857172074,818556736,831969653,807166670,821643348,763861638
Environment,Capital expenditures,5,55034740,47264018,57175740,47460313,56549748,45932023
Environment,Grants and contributions,10,132804336,101461607,162249707,115473872,93927936,72471998
Environment,Contributions to employee benefit plans,(S),98011832,98011832,96312176,96312176,90825593,90825593
Environment,Minister's Salary and Motor Car Allowance ,(S),77638,77638,64935,64935,77536,77536
Environment,Nature Conservancy of Canada,(S),29300000,29300000,21700000,21700000,33695148,33695148
Environment,Spending of Amounts Equivalent to Proceeds from Disposal of Surplus Moveable Crown Assets,(S),1306032,464223,2215106,713449,2250908,1612320
Export Development Canada,Export Development Canada - Administration Charges per Section 23 of the Export Development Act,(S),,,,,7053101,7053102
Export Development Canada,Forgiveness of non-budgetary loans pursuant to Section 23(3) of the Export Development Act,(S),,,,,0,53557507
Export Development Canada,"Payments to Export Development Canada to discharge obligations incurred pursuant to Section 23 of the Export Development Act (Canada Account) for the purpose of facilitating and developing trade between Canada and other countries (S.C., 2001, c. 33)",(S),,,,,47284811,-6272696
Federal Bridge Corporation Limited,Payments to the Federal Bridge Corporation Limited,30,40895000,2140000,55639000,417103,64699000,13994307
Federal Economic Development Agency for Southern Ontario,Operating expenditures,50,,,37665924,29588996,31304196,27504687
Federal Economic Development Agency for Southern Ontario,Grants and Contributions,55,,,510610797,331144815,244567310,200104609
Federal Economic Development Agency for Southern Ontario,Contributions to employee benefit plans,(S),,,2374136,2374136,2850512,2850512
Federal Economic Development Agency for Southern Ontario,Spending of Amounts Equivalent to Proceeds from Disposal of Surplus Moveable Crown Assets,(S),,,,,2875,0
Federal Economic Development Agency for Southern Ontario,Transfer Payments in Connection with the Budget Implementation Act,(S),,,42494967,42494967,,
Finance,Operating expenditures,1,135165341,121646340,128601392,112422184,133205840,121904779
Finance,Grants and contributions,5,362206000,217331556,319195055,92860903,173194063,29535038
Finance,"Authority to make payments from April 1, 2011 to March 31, 2012, under the Bretton Woods and Related Agreements Act to the International Bank for Advance Market Commitment an amount not to exceed $9,000,000",7, ,,1,0,1,0
Finance Canada,Additional Fiscal Equalization Offset Payment to Nova Scotia (Nova Scotia and Newfoundland and Labrador Additional Fiscal Equalization Offshore Payments Act),(S),,,,,33695000,33695000
Finance Canada,Additional Fiscal Equalization Payment -- Total Transfer Protection (PartI-- Federal-Provincial Fiscal Arrangements Act),(S),,,509503000,509503000,,
Finance Canada,Additional Fiscal Equalization Payment-Total Transfer Protection (BIA 2011),(S),,,,,952107000,952107000
Finance Canada,Additional Fiscal Equalization to Nova Scotia (Part I – Federal-Provincial Fiscal Arrangements Act),(S),,,,,82678000,82678000
Finance Canada,"Agriculture Advance Market Commitment (Bretton Woods and Related Agreements Act, Section 8)",(S),,,950000,950000,9000000,9000000
Finance Canada,Alternative Payments for Standing Programs (Part VI - Federal-Provincial Fiscal Arrangements Act),(S),-2702590000,-2702590000,-3072554000,-3072554000,-3219731000,-3219731000
Finance Canada,Canada Health Transfer,(S),24081039076,24081039076,25605395286,25605395286,26941815102,26941815102
Finance Canada,Canada Health Transfer and Canada Social Transfer to Saskatchewan and Newfoundland and Labrador- Total Transfer Protection,(S),,,15712000,15712000,,
Finance Canada,Canada Social Transfer (Part V.1 - Federal-Provincial Fiscal Arrangements Act),(S),10857853000,10857853000,11178825000,11178825000,11514064000,11514064000
Finance Canada,Canadian Millenium Scholarship Foundation,(S),,,-121257584,-121257584,,
Finance Canada,Contributions to employee benefit plans,(S),12961502,12961502,13512334,13512334,12608648,12608648
Finance Canada,Debt payments on behalf of poor countries to International Organizations pursuant to section 18(1) of the Economic Recovery Act,(S),,,73417867,73417867,51200000,51200000
Finance Canada,"Fast Start Climate Change Financing (Bretton Woods and Related Agreements Act, Section 8)",(S),,,5830000,5830000,,
Finance Canada,Fiscal Equalization (Part I - Federal-Provincial Fiscal Arrangements Act),(S),14185000000,14185000000,14372000000,14372000000,14658570000,14658570000
Finance Canada,Incentive for Provinces to Eliminate Taxes on Capital,(S),163400000,163400000,160924000,160924000,845100,845100
Finance Canada,Interest on Unmatured Debt and Other Public Debt Costs,(S),27003629235,27003629235,27863847695,27863847695,27881332474,27881332474
Finance Canada,Losses on Foreign Exchange,(S),406014438,406014438,192244123,192244123,18173873,18173873
Finance Canada,Minister's Salary and Motor Car Allowance ,(S),77638,77638,78151,78151,79557,79557
Finance Canada,Payment of Liabilities Previously Recorded as Revenue,(S),2268450,2268450,2146952,2146952,14081367,14081367
Finance Canada,Payment to Nova Scotia - Offshore Petroleum Resources,(S),174500000,174500000,,,,
Finance Canada,Payment to Ontario related to Canada Health Transfer,(S),489058000,489058000,160395000,160395000,-17984000,-17984000
Finance Canada,Payments for Pensions Grants or Allowances in respect to the Halifax Relief Pension Continuation Act,(S),13131,13131,1832,1832,,
Finance Canada,Payments to Depositors under Financial Institution Depositors Compensation Act,(S),68571831,0,68571831,0,68571831,0
Finance Canada,Payments to International Development Association,(S),384280000,384280000,384280000,384280000,384280000,384280000
Finance Canada,Payments to International Monetary Fund's Poverty Reduction and Growth Facility,(S),,,40000000,40000000,,
Finance Canada,Payments to the Canadian Securities Regulation Regime Transition Office,(S),5400000,5400000,13255000,13255000,14345000,14345000
Finance Canada,Purchase of Domestic Coinage,(S),133200334,133200334,101667640,101667640,114368880,114368881
Finance Canada,Refunds of Previous Years Revenue,(S),17557,17557,1340,1340,,
Finance Canada,"Small and Medium Enterprise (SME) Finance Challenge (Bretton Woods and Related Agreements Act, Section 8)",(S),,,20000000,20000000,,
Finance Canada,Spending of Amounts Equivalent to Proceeds from Disposal of Surplus Moveable Crown Assets,(S),3601,0,1043,0,,
Finance Canada,"Statutory Subsidies (Constitution Acts, 1867-1982, and Other Statutory Authorities)",(S),32157373,32157373,32148683,32148683,32148628,32148628
Finance Canada,Territorial Financing (Part I.1 – Federal-Provincial Fiscal Arrangements Act),(S),2497926398,2497926398,2663566963,2663566963,2876083006,2876083006
Finance Canada,Transfer Payments in Connection with the Budget Implementation Act,(S),74188000,74188000,,,,
Finance Canada,Transitional assistance to provinces entering into the harmonized value-added tax framework (Part III.1 - Federal-Provincial Fiscal Arrangements Act),(S),250000000,250000000,3769000000,3769000000,1560200000,1560200000
Finance Canada,Transitional Payment to Newfoundland and Labrador,(S),,,,,536121000,536121000
Finance Canada,Wait Times Reduction Transfer (Part V.1 – Federal-Provincial Fiscal Arrangements Act),(S),250000000,250000000,250000000,250000000,250000000,250000000
Finance Canada,"Youth Allowances Recovery (Federal-Provincial Fiscal Revision Act, 1964)",(S),-596258793,-596258793,-678205296,-678205296,-709591452,-709591452
Financial Consumer Agency of Canada,Payments under Section 13 of the Financial Consumer Agency of Canada Act,(S),10754334,10754334,11628199,11628199,12281961,12281961
Financial Consumer Agency of Canada,Spending of Amounts Equivalent to Proceeds from Disposal of Surplus Moveable Crown Assets,(S),180,83,1101,1101,37,37
Financial Transactions and Reports Analysis Centre of Canada,Program expenditures,30,49151933,45386842,51612532,46305004,55882122,53165951
Financial Transactions and Reports Analysis Centre of Canada,Contributions to employee benefit plans,(S),4511354,4511354,4622943,4622943,6062129,6062129
First Nations Statistical Institute ,Payments to the First Nations Statistical Institute for operating expenditures,40,4700000,1567000,5000000,2615000,5000000,3957000
Fisheries and Oceans,Operating expenditures,1,1346612673,1312644508,1344583973,1308512708,1385820549,1313593490
Fisheries and Oceans,Capital expenditures,5,428605846,414830302,453686346,420442927,366802585,299588070
Fisheries and Oceans,Grants and contributions,10,131074053,111779775,133416352,127009109,129472358,128647360
Fisheries and Oceans,Contributions to employee benefit plans,(S),137790096,137790096,135011736,135011736,133859117,133859117
Fisheries and Oceans,Losses on Foreign Exchange,(S),8931,8931,,,15934,15934
Fisheries and Oceans,Minister's Salary and Motor Car Allowance ,(S),77638,77638,77638,77638,77536,77536
Fisheries and Oceans,Refunds of Previous Years Revenue,(S),1628381,1628381,14085,14085,10005,10005
Fisheries and Oceans,Spending of Amounts Equivalent to Proceeds from Disposal of Surplus Moveable Crown Assets,(S),3201329,2477863,6263345,1831277,8884113,5091254
Foreign Affairs and International Trade,Operating expenditures,1,1502948042,1374339967,1693123351,1543631038,1455482132,1358450363
Foreign Affairs and International Trade,Capital expenditures,5,197422695,188313656,234346481,190642416,227740097,167282401
Foreign Affairs and International Trade,Grants and contributions,10,899358582,826748678,963886292,856926083,899458883,781849465
Foreign Affairs and International Trade,"In accordance with subsection 4(3) of the Revolving Funds Act (R.S., 1985, c. R-8), to increase from$4,000,000 to $89,000,000, for the period commencing April 1, 2010 and ending March 31, 2011, the amount by which the aggregate of expenditures made for the purpose of the fund may exceed the revenues for Passport Canada",12, ,,1,0,,
Foreign Affairs and International Trade,"Passport Office Revolving Fund-In accordance with section 12 of the Revolving Funds Act (R.S., 1985, c. R-8), to amend subsection 4(3) of that Act by increasing from $4,000,000 to $131,204,000, for the period commencing April 1, 2011 and ending March 31, 2012 , the amount by which the aggregate of expenditures made for the purpose of the fund may exceed the revenues for Passport Canada.",15,10000000,9833848,,,2,0
Foreign Affairs and International Trade,"Payments, in respect of pension, insurance and social security programs or other arrangements for employees locally engaged outside of Canada",17, ,,,,70140001,59841306
Foreign Affairs and International Trade,Collection Agency Fees under section 17.1 of the Financial Administration Act,(S),8968,8968,3216,3216,189,189
Foreign Affairs and International Trade,Contributions to employee benefit plans,(S),95634362,95634362,92907500,92907500,90041655,90041655
Foreign Affairs and International Trade,Court Awards - Crown Liability and Proceedings Act,(S),,,10937,10937,2434,2434
Foreign Affairs and International Trade,Export Development Canada - Administration Charges per Section 23 of the Export Development Act,(S),6034597,6034597,7127601,7127601,,
Foreign Affairs and International Trade,Forgiveness of non-budgetary loans pursuant to Section 23(3) of the Export Development Act,(S),6603528658,6603528658,,,,
Foreign Affairs and International Trade,Losses on Foreign Exchange,(S),879394972,879394972,183416108,183416108,2206688,2206688
Foreign Affairs and International Trade,Minister's Salary and Motor Car Allowance ,(S),157347,157347,157398,157398,157093,157093
Foreign Affairs and International Trade,"Passport Office Revolving Fund (Revolving Funds Act (R.S.C., 1985, c. R-8))",(S),52250397,4313466,132936931,16791745,158349186,19528819
Foreign Affairs and International Trade,"Payments to Export Development Canada to discharge obligations incurred pursuant to Section 23 of the Export Development Act (Canada Account) for the purpose of facilitating and developing trade between Canada and other countries (S.C., 2001, c. 33)",(S),-30173829,-30173829,-50952799,-50952799,,
Foreign Affairs and International Trade,"Payments under the Diplomatic Service (Special) Superannuation Act (R.S.C., 1985, c. D-2)",(S),117671,117671,83466,83466,87774,87774
Foreign Affairs and International Trade,Refunds of Previous Years Revenue,(S),82325,82325,104163,104163,,
Foreign Affairs and International Trade,Spending of Amounts Equivalent to Proceeds from Disposal of Surplus Moveable Crown Assets,(S),3651680,3221687,1934499,938591,3179280,3017379
Foreign Affairs and International Trade,Transfer Payments in Connection with the Budget Implementation Act,(S),4700000,4700000,,,,
Governor General,Program expenditures,1,17484766,16314140,18125795,17446351,19786196,18898965
Governor General,"Annuities payable under the Governor General's Act (R.S.C., 1985 c. G-9)",(S),398679,398679,450004,450004,523069,523069
Governor General,Contributions to employee benefit plans,(S),2102169,2102169,2196707,2196707,2171136,2171136
Governor General,Other Statutory Salaries and Allowances,(S),129068,129068,130732,130732,134221,134220
Governor General,Spending of Amounts Equivalent to Proceeds from Disposal of Surplus Moveable Crown Assets,(S),2576,2563,35,0,11805,0
Hazardous Materials Information Review Commission,Program expenditures,30,5374666,5233014,5347307,5440827,4211451,3937785
Hazardous Materials Information Review Commission,Contributions to employee benefit plans,(S),611092,611092,625542,625542,593184,593184
Hazardous Materials Information Review Commission,Spending of Amounts Equivalent to Proceeds from Disposal of Surplus Moveable Crown Assets,(S),721,721,,,,
Health,Operating expenditures,1,2016101829,1967729459,2050283756,1971107143,2130078529,2016186192
Health,Capital expenditures,5,53483405,47005342,40080772,37288793,35096306,32940862
Health,Grants and contributions,10,1528218124,1519193892,1542740332,1518261007,1536542909,1511881318
Health,Canada Health Infoway Inc.,(S),64490000,64490000,91837792,91837792,87880640,87880640
Health,Collection Agency Fees under section 17.1 of the Financial Administration Act,(S),22747,22747,17714,17714,12919,12919
Health,Contributions to employee benefit plans,(S),139768425,139768425,133646560,133646560,136483945,136483945
Health,Court Awards - Crown Liability and Proceedings Act,(S),98977,98977,,,25909,25909
Health,Minister's Salary and Motor Car Allowance ,(S),77638,77638,77638,77638,77536,77536
Health,Payments in Connection with the Patent Act (Patented Medicines),(S),9328007,9328007,,,,
Health,Refunds of Previous Years Revenue,(S),861588,861588,297383,297383,687771,687771
Health,Spending of Amounts Equivalent to Proceeds from Disposal of Surplus Moveable Crown Assets,(S),864632,321231,652100,40822,494907,122594
House of Commons,Program expenditures,5,292109942,277013936,290992318,274478137,294169478,274982549
House of Commons,Contributions to employee benefit plans,(S),35657452,35657452,35346405,35346405,35017888,35017888
House of Commons,Members of the House of Commons – Salaries and allowances of Officers and Members of the House of Commons under the Parliament of Canada Act and contributions to the Members of Parliament Retiring Allowances Account and the Members of Parliament Retirement,(S),115020532,115020532,114439410,114439410,117234469,117234468
Human Resources and Skills Development,Operating expenditures,1,752891897,721277140,763863486,743219321,783436633,769346179
Human Resources and Skills Development,Grants and contributions,5,2053834515,1914394807,2287753025,2073371935,1868885713,1647406307
Human Resources and Skills Development,"To write-off from the Accounts of Canada 61,791 debts due to Her Majesty in right of Canada amounting to $149,541,766 related to Canada Student Loans accounts",7,87104,84434,,,311768275,302417361
Human Resources and Skills Development,"Allowance Payments (R.S.C., 1985, c. O-9)",(S),534857467,534857467,540510880,540510880,555962022,555962022
Human Resources and Skills Development,Benefit Enhancement Measures  - Employment Insurance Operating Account,(S),,,2900000000,2900000000,,
Human Resources and Skills Development,Canada Disability Savings Bond payments to Registered Disability Savings Plan (RDSP) issuers on behalf of RDSP beneficiaries to encourage long-term financial security of eligible individuals with disabilities,(S),42934743,42934743,36410724,36410724,70009827,70009827
Human Resources and Skills Development,Canada Disability Savings Grant payments to Registered Disability Savings Plan (RDSP) issuers on behalf of RDSP beneficiaries to encourage long-term financial security of eligible individuals with disabilities,(S),83880362,83880362,91839694,91839694,142831948,142831948
Human Resources and Skills Development,Canada Education Savings grant payments to Registered Education Savings Plan (RESP) trustees on behalf of RESP beneficiaries to encourage Canadians to save for post-secondary education for their children,(S),615738740,615738740,670557773,670557773,691542116,691542116
Human Resources and Skills Development,Canada Learning Bond payments to Registered Education Savings Plan (RESP) trustees on behalf of RESP beneficiaries to support access to post-secondary education for children from low-income families,(S),56648408,56648408,66851206,66851206,88453542,88453542
Human Resources and Skills Development,Canada Student Grants to qualifying full and part-time students pursuant to the Canada Student Financial Assistance Act,(S),533687339,533687339,620686072,620686072,648936690,648936690
Human Resources and Skills Development,Civil Service Insurance actuarial liability adjustments,(S),56849,56849,49593,49593,-12507,-12507
Human Resources and Skills Development,Contributions to employee benefit plans,(S),287093603,287093603,269092675,269092675,259792635,259792635
Human Resources and Skills Development,Energy Cost Benefit,(S),-6185,-6185,,,-7875,-7875
Human Resources and Skills Development,"Guaranteed Income Supplement Payments (R.S.C., 1985, c. O-9)",(S),7736633308,7736633308,7901134760,7901134760,8638062109,8638062109
Human Resources and Skills Development,Minister's Salary and Motor Car Allowance ,(S),156370,156370,157398,157398,157093,157093
Human Resources and Skills Development,"Old Age Security Payments (R.S.C., 1985, c. O-9)",(S),26391340840,26391340840,27213489490,27213489490,28868796840,28868796840
Human Resources and Skills Development,"Payments of compensation respecting government employees (R.S.C., 1985, c. G-5) and merchant seamen (R.S.C., 1985, c. M-6)",(S),37101923,37101923,30421127,30421127,43865837,43865836
Human Resources and Skills Development,Payments related to the direct financing arrangement under the Canada Student Financial Assistance Act,(S),235906383,235906383,462689776,462689776,493520224,493520224
Human Resources and Skills Development,Refunds of Previous Years Revenue,(S),405,405,78917,78917,21015,21015
Human Resources and Skills Development,Spending of Amounts Equivalent to Proceeds from Disposal of Surplus Moveable Crown Assets,(S),148179,49179,165694,46156,230508,79657
Human Resources and Skills Development,Spending pursuant to Section 12(4) of the Canada Education Savings Act,(S),359463,308695,441214,389463,745427,310446
Human Resources and Skills Development,Supplementary Retirement Benefits – Annuities agents' pensions,(S),6155,6155,5708,5708,4237,4237
Human Resources and Skills Development,The provision of funds for interest and other payments to lending institutions and liabilities under the Canada Student Financial Assistance Act,(S),11623280,11623280,7661095,7661095,10834527,10834527
Human Resources and Skills Development,The provision of funds for interest payments to lending institutions under the Canada Student Loans Act,(S),5144,5144,13276,13276,6526,6526
Human Resources and Skills Development,The provision of funds for liabilities including liabilities in the form of guaranteed loans under the Canada Student Loans Act,(S),-9449287,-9449287,-7570680,-7570680,-8475496,-8475496
Human Resources and Skills Development,Transfer Payments in Connection with the Budget Implementation Act,(S),,,2000000,2000000,6000000,6000000
Human Resources and Skills Development,Universal Child Care Benefit,(S),2593607427,2593607427,2651153321,2651153321,2691016827,2691016827
Human Resources and Skills Development,"Wage Earner Protection Program payments to eligible applicants owed wages and vacation pay, severance pay and termination pay from employers who are either bankrupt or in receivership as well as payments to trustees and receivers who will provide the necessary information to determine eligibility",(S),35052641,35052641,31931901,31931901,32573800,32573800
Immigration and Refugee Board of Canada,Program expenditures,10,110747944,101131094,117208713,111917964,151424328,126367421
Immigration and Refugee Board of Canada,Contributions to employee benefit plans,(S),12932829,12932829,13639316,13639316,14439588,14439588
Immigration and Refugee Board of Canada,Spending of Amounts Equivalent to Proceeds from Disposal of Surplus Moveable Crown Assets,(S),2309,2309,1303,1303,1615,1615
Indian Affairs and Northern Development,Operating expenditures,1,1248161329,1225379466,1403926188,1351027909,1387289273,1343312841
Indian Affairs and Northern Development,Capital expenditures,5,1159000,334410,10666000,23000,5102055,2054014
Indian Affairs and Northern Development,Grants and contributions,10,6133098286,5802264412,6600251357,6554975289,6371857634,6338019045
Indian Affairs and Northern Development,Payments to Canada Post Corporation,15,66200000,58313980,59000000,59000000,,
Indian Affairs and Northern Development,Office of the Federal Interlocutor for Métis and non-status Indians--Operating expenditures,20,9386116,8428060,9860733,9213258,,
Indian Affairs and Northern Development,Office of the Federal Interlocutor for Métis and non-status Indians--Contributions,25,32386836,31370412,29939000,29259211,,
Indian Affairs and Northern Development,Contributions to employee benefit plans,(S),69023753,69023753,69017460,69017460,72025681,72025681
Indian Affairs and Northern Development,Contributions to employee benefit plans -Office of the Federal Interlocutor for Métis and non-status Indians,(S),975536,975536,823769,823769,,
Indian Affairs and Northern Development,Court Awards - Crown Liability and Proceedings Act,(S),976996,976996,464611,464611,299565,299565
Indian Affairs and Northern Development,Grant to the Nunatsiavut Government for the implementation of the Labrador Inuit Land Claims Agreement pursuant to the Labrador Inuit Land Claims Agreement Act,(S),36767096,36767096,36715426,36715426,36715426,36715426
Indian Affairs and Northern Development,Grants to Aboriginal organizations designated to receive claim settlement payments pursuant to Comprehensive Land Claim Settlement Acts,(S),60587890,60587890,53931817,53931817,77294428,77294427
Indian Affairs and Northern Development,Indian Annuities Treaty payments,(S),2214523,2214523,1523476,1523476,1866646,1866646
Indian Affairs and Northern Development,Liabilities in respect of loan guarantees made to Indians for Housing and Economic Development,(S),1871656,1871656,1354364,1354364,88623,88624
Indian Affairs and Northern Development,Minister's Salary and Motor Car Allowance ,(S),77638,77638,76594,76594,77536,77536
Indian Affairs and Northern Development,"Payment from the Consolidated Revenue Fund of guaranteed loans issued out of the Indian economic development account (Authorized limit $60,000,000)",(S),31735892,0,31735892,0,32490796,0
Indian Affairs and Northern Development,Payments to comprehensive claim beneficiaries in compensation for resource royalties,(S),5970496,5970496,7334275,7334275,7553204,7553204
Indian Affairs and Northern Development,Refunds of Previous Years Revenue,(S),1079904,1079904,2085177,2085177,1223282,1223282
Indian Affairs and Northern Development,Spending of Amounts Equivalent to Proceeds from Disposal of Surplus Moveable Crown Assets,(S),274019,88978,559005,180995,745109,352846
Indian Affairs and Northern Development,Transfer Payments in Connection with the Budget Implementation Act,(S),75000000,75000000,,,,
Indian Residential Schools Truth and Reconciliation Commission,Program expenditures,45,22892743,6235334,31758318,10176036,33628452,18621980
Indian Residential Schools Truth and Reconciliation Commission Secretariat,Contributions to employee benefit plans,(S),211256,211256,457461,457461,623173,623173
Industry,Operating expenditures,1,497279036,459221430,442489096,416863455,441380244,403765189
Industry,Capital expenditures,5,24297683,19129404,15516051,14835184,15611312,13978234
Industry,Grants and contributions,10,1621918841,1165922292,1419803832,1127975396,750345737,654278419
Industry,Canadian Intellectual Property Office Revolving Fund,(S),152435982,-1319855,153755837,-4396772,158152609,-4987335
Industry,Contributions to employee benefit plans,(S),65473571,65473571,62736172,62736172,60297940,60297940
Industry,Contributions under the Knowledge Infrastructure Program,(S),500000000,500000000,256151948,256151948,182771499,182771499
Industry,Genome Canada,(S),82900000,82900000,46900000,46900000,55100000,55100000
Industry,"Liabilities under the Canada Small Business Financing Act (S.C., 1998, c. 36)",(S),116498678,116498678,82804730,82804730,69360155,69360155
Industry,"Liabilities under the Small Business Loans Act (R.S.C, 1985, c. S-11)",(S),189035,189035,114315,114315,37396,37396
Industry,Losses on Foreign Exchange,(S),9917,9917,8170,8170,,
Industry,Minister's Salary and Motor Car Allowance ,(S),77638,77638,81638,81638,81577,81577
Industry,Refunds of Previous Years Revenue,(S),441172,441172,720107,720107,852352,852352
Industry,Spending of Amounts Equivalent to Proceeds from Disposal of Surplus Moveable Crown Assets,(S),400215,131236,477522,203252,494168,164354
Industry,Transfer Payments in Connection with the Budget Implementation Act,(S),158962513,158962513,50000000,50000000,11010400,11010400
International Development Research Centre,Payments to the International Development Research Centre,45,171296002,171296002,195917432,195917432,237907649,237907649
International Joint Commission (Canadian Section),Program expenditures,50,9265462,7047483,8472000,8148135,8333033,7577459
International Joint Commission (Canadian Section),Contributions to employee benefit plans,(S),455617,455617,454935,454935,473637,473637
Justice,Operating expenditures,1,362603830,334506117,323035845,296305685,323544809,284965006
Justice,Grants and contributions,5,394142281,384929665,397956000,385764244,395698536,381614514
Justice,Contributions to employee benefit plans,(S),78734819,78734819,79246015,79246015,78266591,78266591
Justice,Minister's Salary and Motor Car Allowance ,(S),77638,77638,77638,77638,77537,77536
Justice,Refunds of Previous Years Revenue,(S),250507,250507,80793,80793,84117,84117
Justice,Spending of Amounts Equivalent to Proceeds from Disposal of Surplus Moveable Crown Assets,(S),13370,4908,25101,8754,19114,0
Library and Archives of Canada,Operating expenditures,50,114994812,103907953,104602814,95858272,102241090,98815438
Library and Archives of Canada,Capital expenditures,55,11885407,7556243,11997971,3659653,10350000,643500
Library and Archives of Canada,Contributions to employee benefit plans,(S),12895385,12895385,12147473,12147473,12471923,12471923
Library and Archives of Canada,Refunds of Previous Years Revenue,(S),4415,4415,,,1903,1903
Library and Archives of Canada,Spending of Amounts Equivalent to Proceeds from Disposal of Surplus Moveable Crown Assets,(S),298805,103537,288941,200342,308205,88599
Library of Parliament,Program expenditures,10,36133170,35323377,38096000,36972594,37496080,36369707
Library of Parliament,Contributions to employee benefit plans,(S),4877430,4877430,4948977,4948977,4937897,4937897
Marine Atlantic Inc.,Payments to Marine Atlantic Inc.,35,126593000,123493000,219647001,210927022,202085000,183290595
Military Police Complaints Commission,Program expenditures,20,6716490,4408590,6761121,4182558,5779116,4666944
Military Police Complaints Commission,Contributions to employee benefit plans,(S),274942,274942,240532,240532,255976,255976
Military Police Complaints Commission,Spending of Amounts Equivalent to Proceeds from Disposal of Surplus Moveable Crown Assets,(S),,,66,0,93,0
NAFTA Secretariat - Canadian Section,Program expenditures,50,2947611,1170708,,,,
NAFTA Secretariat - Canadian Section,Contributions to employee benefit plans,(S),112530,112530,0,0,,
National Arts Centre Corporation ,Payments to the National Arts Centre Corporation for operating expenditures,60,35402307,35402307,36134981,36131175,35781175,35781174
National Battlefields Commission,Program expenditures,65,7854835,7162118,7853271,7139887,7520729,7163406
National Battlefields Commission,Contributions to employee benefit plans,(S),505023,505023,517418,517418,525339,525339
National Battlefields Commission,Expenditures pursuant to paragraph 29.1(1) of the Financial Administration Act,(S),1787369,1787369,2231335,2231335,2115612,2115610
National Capital Commission,Payments to the National Capital Commission for operating expenditures,52,85387208,85387205,83943115,83467313,84351010,84289995
National Capital Commission,Payments to the National Capital Commission for capital expenditures,54,32533001,19533001,79838001,74848001,31386000,23196101
National Defence,Operating expenditures,1,15204235779,14792352787,15689460901,14759621065,15417928462,15039558546
National Defence,Capital expenditures,5,4108136487,3343432298,5311274607,3807286445,4322834649,3255231544
National Defence,Grants and contributions,10,232815107,229850925,272490669,260863017,241678002,205008428
National Defence,Collection Agency Fees under section 17.1 of the Financial Administration Act,(S),11625,11625,2408,2408,2534,2534
National Defence,Contributions to employee benefit plans,(S),342800863,342800863,336178051,336178051,332628046,332628046
National Defence,Contributions to employee benefit plans – Members of the Military,(S),1131130369,1131130369,1117759795,1117759795,1360948151,1360948151
National Defence,Minister's Salary and Motor Car Allowance ,(S),77638,77638,77638,77638,145055,145055
National Defence,"Payments to dependants of certain members of the Royal Canadian Air Force killed while serving as instructors under the British Commonwealth Air Training Plan (Appropriation Act No. 4, 1968)",(S),70175,70175,45320,45320,44918,44918
National Defence,"Payments under Parts I-IV of the Defence Services Pension Continuation Act (R.S.C., 1970, c. D-3)",(S),1054026,1054026,929668,929668,811472,811472
National Defence,Payments under the Supplementary Retirement Benefits Act,(S),5005914,5005914,4492604,4492604,3881303,3881303
National Defence,Spending of Amounts Equivalent to Proceeds from Disposal of Surplus Moveable Crown Assets,(S),20048700,9883277,21906782,11000773,37222217,20497864
National Energy Board,Program expenditures,25,57748998,50050719,56790854,52034195,60678254,57099363
National Energy Board,Contributions to employee benefit plans,(S),6124141,6124141,6817822,6817822,7276250,7276250
National Energy Board,Spending of Amounts Equivalent to Proceeds from Disposal of Surplus Moveable Crown Assets,(S),220,0,220,0,52,0
National Film Board,Program expenditures,70,70119362,69679726,68485967,67883047,68786074,66904057
National Film Board,National Film Board Revolving Fund,(S),5941808,113949,5827859,-475902,6303761,-51479
National Gallery of Canada,Payments to the National Gallery of Canada for operating and capital expenditures,75,42592554,42592554,43102120,43102120,41666146,41586146
National Gallery of Canada,Payment to the National Gallery of Canada for the acquisition of objects for the Collection and other costs attributable to this activity,80,8000000,8000000,8000000,8000000,8000000,8000000
National Museum of Science and Technology,Payments to the National Museum of Science and Technology for operating and capital expenditures,85,36693989,36693989,35371192,35371192,30304286,30304286
National Parole Board,Program expenditures,35,46146040,41431994,43861693,40207239,50775726,45895829
National Parole Board,Contributions to employee benefit plans,(S),5867124,5867124,5781882,5781882,6276273,6276273
National Parole Board,Refunds of Previous Years Revenue,(S),,,,,650,650
National Parole Board,Spending of Amounts Equivalent to Proceeds from Disposal of Surplus Moveable Crown Assets,(S),17404,11013,21407,5726,67139,15680
National Research Council of Canada,Operating expenditures,60,438567197,430451799,427947524,423496228,405687149,404197392
National Research Council of Canada,Capital expenditures,65,52597200,51209026,53192000,49665778,42265908,35323689
National Research Council of Canada,Grants and contributions,70,274579113,271036276,294887800,290897153,165275481,148000687
National Research Council of Canada,Collection Agency Fees under section 17.1 of the Financial Administration Act,(S),26563,26563,24981,24981,17810,17810
National Research Council of Canada,Contributions to employee benefit plans,(S),67901597,67901597,63681019,63681019,59766138,59766138
National Research Council of Canada,Losses on Foreign Exchange,(S),,,,,3442,3442
National Research Council of Canada,Spending of Amounts Equivalent to Proceeds from Disposal of Surplus Moveable Crown Assets,(S),440959,230474,593798,324899,963601,602558
National Research Council of Canada,"Spending of revenues pursuant to paragraph 5(1)(e) of the National Research Council Act (R.S.C., 1985, c. N-15)",(S),155956205,110158025,123255141,75208335,146959101,50591866
National Round Table on the Environment and the Economy,Program expenditures,20,5043075,4512788,5065811,4726136,5218383,4914463
National Round Table on the Environment and the Economy,Contributions to employee benefit plans,(S),407761,407761,426005,426005,449334,449334
National Round Table on the Environment and the Economy,Spending of Amounts Equivalent to Proceeds from Disposal of Surplus Moveable Crown Assets,(S),24,0,,,25,0
Natural Resources,Operating expenditures,1,927602832,869679214,860176242,819599924,844592937,755418094
Natural Resources,Capital expenditures,5,8933501,8919905,26476505,21220057,23757713,21361585
Natural Resources,Grants and contributions,10,806564719,780501029,1898727745,1346549666,1716487961,1285909038
Natural Resources,Canada / Newfoundland Development Fund,(S),20259,0,20259,0,,
Natural Resources,Canada / Nova Scotia Development Fund,(S),1319697,1319697,,,,
Natural Resources,Collection Agency Fees under section 17.1 of the Financial Administration Act,(S),8030,8030,4676,4676,4614,4614
Natural Resources,Contribution to the Canada/Newfoundland Offshore Petroleum Board,(S),4888437,4888437,6306911,6306911,3447813,3447813
Natural Resources,Contribution to the Canada/Nova Scotia Offshore Petroleum Board,(S),2178823,2178823,2150940,2150940,2240265,2240265
Natural Resources,Contributions to employee benefit plans,(S),67097155,67097155,66104298,66104298,64134812,64134812
Natural Resources,Geomatics Canada Revolving Fund,(S),7726552,453882,7272670,-284746,7557416,448096
Natural Resources,Minister's Salary and Motor Car Allowance ,(S),76852,76852,77638,77638,77516,77516
Natural Resources,Newfoundland Fiscal Equalization Offset Payments,(S),465288000,465288000,641862000,641862000,,
Natural Resources,Payments to the Newfoundland Offshore Petroleum Resource Revenue Fund,(S),1180910901,1180910901,1227766801,1227766801,1059753176,1059753175
Natural Resources,Payments to the Nova Scotia Offshore Revenue Account,(S),109416376,109416376,225172847,225172847,157288886,157288886
Natural Resources,"Pursuant to section 2146 of the Jobs and Economic Growth Act, for the divestiture of Atomic Energy of Canada Limited",(S), ,,,,1740702,1740702
Natural Resources,Refunds of Previous Years Revenue,(S),,,,,43266,43266
Natural Resources,Spending of Amounts Equivalent to Proceeds from Disposal of Surplus Moveable Crown Assets,(S),935409,527500,802028,497956,748274,304742
Natural Sciences and Engineering Research Council,Operating expenditures,75,45826863,42109634,46952082,43899255,46894375,44302983
Natural Sciences and Engineering Research Council,Grants,80,1004420594,1004173718,1027984786,1027176657,1037114018,1036165486
Natural Sciences and Engineering Research Council,Collection Agency Fees under section 17.1 of the Financial Administration Act,(S),,,1470,1470,1136,1136
Natural Sciences and Engineering Research Council,Contributions to employee benefit plans,(S),4962825,4962825,4866532,4866532,5267987,5267987
Natural Sciences and Engineering Research Council,Spending of Amounts Equivalent to Proceeds from Disposal of Surplus Moveable Crown Assets,(S),1148,1106,616,0,1751,0
Northern Pipeline Agency,Program expenditures,30,625200,574688,1215200,1043034,2963150,1995695
Northern Pipeline Agency,Contributions to employee benefit plans,(S),34859,34859,81522,81522,111918,111918
Office of Infrastructure of Canada,Operating expenditures,50,66319358,59390554,64892044,63435552,63379694,58587522
Office of Infrastructure of Canada,Contributions,55,4694565319,3448905807,7280063546,4310126278,5956580886,4197098781
Office of Infrastructure of Canada,Communities Component of the Building Canada Fund,(S),30045364,30045364,219954637,219954637,,
Office of Infrastructure of Canada,Contributions to employee benefit plans,(S),4446477,4446477,4962414,4962414,5107996,5107996
Office of Infrastructure of Canada,Green Infrastructure Fund,(S),5159772,5159772,33537280,33537280,29766472,29766472
Office of Infrastructure of Canada,Infrastructure Stimulus Fund,(S),490729107,490729107,1461665573,1461665573,92041502,92041502
Office of Infrastructure of Canada,Provincial – Territorial Infrastructure Base Funding Program,(S),179383000,179383000,158109000,158109000,157508000,157508000
Office of Infrastructure of Canada,Spending of Amounts Equivalent to Proceeds from Disposal of Surplus Moveable Crown Assets,(S),483,0,125,0,208,0
Office of the Commissioner of Lobbying,Program expenditures,45,4458988,3810305,4425296,4295842,4684418,4463147
Office of the Commissioner of Lobbying,Contributions to employee benefit plans,(S),368558,368558,390093,390093,398443,398443
Office of the Commissioner of Official Languages,Program expenditures,20,19976943,18978549,19821924,19252723,21042044,20081180
Office of the Commissioner of Official Languages,Contributions to employee benefit plans,(S),2307297,2307297,2225010,2225010,2272164,2272164
Office of the Commissioner of Official Languages,Spending of Amounts Equivalent to Proceeds from Disposal of Surplus Moveable Crown Assets,(S),211,0,192,0,1692,1692
Office of the Communications Security Establishment Commissioner,Program expenditures,25,2123976,1389691,2121689,1473478,2214302,1793304
Office of the Communications Security Establishment Commissioner,Contributions to employee benefit plans,(S),142884,142884,132481,132481,149124,149124
Office of the Conflict of Interest and Ethics Commissioner,Program expenditures,15,6338000,4890993,6338000,5312166,6338000,5893494
Office of the Conflict of Interest and Ethics Commissioner,Contributions to employee benefit plans,(S),636912,636912,703760,703760,744367,744367
"Office of the Co-ordinator, Status of Women",Operating expenditures,26,10345744,9825453,10447411,9417620,10594731,9933836
"Office of the Co-ordinator, Status of Women",Grants and contributions,28,20633000,20471824,19950000,19545445,18950001,18285051
"Office of the Co-ordinator, Status of Women",Contributions to employee benefit plans,(S),1269031,1269031,1278628,1278628,1215939,1215939
"Office of the Co-ordinator, Status of Women",Minister's Salary and Motor Car Allowance ,(S),2122,2122,53,53,,
"Office of the Co-ordinator, Status of Women",Spending of Amounts Equivalent to Proceeds from Disposal of Surplus Moveable Crown Assets,(S),145,0,218,0,268,0
Office of the Correctional Investigator,Program expenditures,40,3673392,3595997,3696426,3612869,4474298,4399240
Office of the Correctional Investigator,Contributions to employee benefit plans,(S),405695,405695,465709,465709,537427,537427
Office of the Director of Public Prosecutions,Program expenditures,35,167045819,132595635,158747162,132189548,171650860,141477954
Office of the Director of Public Prosecutions,Contributions to employee benefit plans,(S),14365778,14365778,14146038,14146038,14965696,14965696
Office of the Director of Public Prosecutions,Refunds of Previous Years Revenue,(S),6840,6840,221,221,,
Office of the Public Sector Integrity Commissioner,Program expenditures,50,6347863,3475260,6347959,4816143,6904617,5192767
Office of the Public Sector Integrity Commissioner,Contributions to employee benefit plans,(S),363431,363431,507555,507555,473096,473096
Office of the Superintendent of Financial Institutions,Program expenditures,35,938824,938824,946801,923806,910226,910226
Office of the Superintendent of Financial Institutions,Spending of Amounts Equivalent to Proceeds from Disposal of Surplus Moveable Crown Assets,(S),4619,2910,9902,9901,2656,2655
Office of the Superintendent of Financial Institutions,Spending of revenues pursuant to subsection 17(2) of the Office of the Superintendent of Financial Institutions Act,(S),70789392,-11140421,81929813,14813895,67115918,-13517692
Offices of the Information and Privacy Commissioners of Canada,Office of the Information Commissioner of Canada-Program expenditures,40,10508145,10326145,11407386,11259378,11930589,11376683
Offices of the Information and Privacy Commissioners of Canada,Office of the Privacy Commissioner of Canada-Program expenditures,45,21690939,20520851,22214697,20826126,24530287,23795371
Offices of the Information and Privacy Commissioners of Canada,Contributions to employee benefit plans,(S),2119468,2119468,1998413,1998413,3618642,3618642
Offices of the Information and Privacy Commissioners of Canada,Contributions to employee benefit plans,(S),1136763,1136763,1353822,1353822,,
Offices of the Information and Privacy Commissioners of Canada,Spending of Amounts Equivalent to Proceeds from Disposal of Surplus Moveable Crown Assets,(S),509,0,493,0,682,0
Old Port of Montreal Corporation Inc.,Payments to the Old Port of Montreal Corporation Inc. for operating and capital expenditures,13,23395000,23144999,28986795,28986795,30373001,30373000
Parks Canada Agency,Program expenditures,25,654972639,605295379,767404737,715550464,603446570,504032705
Parks Canada Agency,Payments to the New Parks and Historic Sites Account,30,500000,500000,500000,500000,500000,500000
Parks Canada Agency,Contributions to employee benefit plans,(S),56102624,56102624,56249170,56249170,55306993,55306993
Parks Canada Agency,Expenditures equivalent to revenues resulting from the conduct of operations pursuant to section 20 of the Parks Canada Act,(S),115874665,115874665,113416016,113416016,118172207,118172207
Patented Medicine Prices Review Board,Program expenditures,35,10980990,8128053,11605136,8527960,11735590,8241046
Patented Medicine Prices Review Board,Contributions to employee benefit plans,(S),801505,801505,942648,942648,953535,953535
Patented Medicine Prices Review Board,Court Awards - Crown Liability and Proceedings Act,(S),169471,169471,,,46870,46871
Patented Medicine Prices Review Board,Refunds of Previous Years Revenue,(S),,,,,2512878,2512878
Patented Medicine Prices Review Board,Spending of Amounts Equivalent to Proceeds from Disposal of Surplus Moveable Crown Assets,(S),819,819,99,99,46,46
PPP Canada Inc.,Payments to PPP Canada Inc. for P3 Fund investments,40,10100000,6600000,12700000,11000000,12700000,12700000
PPP Canada Inc.,Payments to PPP Canada Inc. for P3 Canada Fund investments,45,165400000,165400000,242500000,242500000,275000000,275000000
Privy Council,Program expenditures,1,153840904,142127676,151601766,143369694,150694375,138212059
Privy Council,Contributions to employee benefit plans,(S),16069603,16069603,16155918,16155918,16758066,16758066
Privy Council,Minister's Salary and Motor Car Allowance ,(S),396995,396995,398247,398247,396385,396385
Privy Council,Spending of Amounts Equivalent to Proceeds from Disposal of Surplus Moveable Crown Assets,(S),13870,7053,70120,6817,111933,63303
Public Appointments Commission Secretariat,Program expenditures,30,992250,264493,992250,268373,992250,119473
Public Appointments Commission Secretariat,Contributions to employee benefit plans,(S),26089,26089,25761,25761,15607,15607
Public Health Agency of Canada,Operating expenditures,40,902890008,652699006,438183735,368197623,431838404,379391177
Public Health Agency of Canada,Capital expenditures,45,18719853,14315263,36773594,30320882,28372624,27234343
Public Health Agency of Canada,Grants and contributions,50,246663251,242937396,201473489,184115437,196985563,193291760
Public Health Agency of Canada,Collection Agency Fees under section 17.1 of the Financial Administration Act,(S),1919,1919,1184,1184,,
Public Health Agency of Canada,Contributions to employee benefit plans,(S),34225621,34225621,35382628,35382628,36522571,36522571
Public Health Agency of Canada,Refunds of Previous Years Revenue,(S),,,59836,59836,,
Public Health Agency of Canada,Spending of Amounts Equivalent to Proceeds from Disposal of Surplus Moveable Crown Assets,(S),26409,5688,58172,42503,77242,59686
Public Safety and Emergency Preparedness,Operating expenditures,1,143264314,135053889,150250725,140564048,152158975,141648763
Public Safety and Emergency Preparedness,Grants and contributions,5,284756845,245504626,520027850,376766793,246043792,244162360
Public Safety and Emergency Preparedness,Contributions to employee benefit plans,(S),15136915,15136915,15188676,15188676,15676137,15676136
Public Safety and Emergency Preparedness,Minister's Salary and Motor Car Allowance ,(S),77638,77638,77638,77638,77536,77536
Public Service Commission,Program expenditures,100,98833006,92683474,91628667,87581886,97565064,92308370
Public Service Commission,Contributions to employee benefit plans,(S),13957770,13957770,13339518,13339518,13276147,13276147
Public Service Commission,Refunds of Previous Years Revenue,(S),126349,126349,52825,52825,19834,19834
Public Service Commission,Spending of Amounts Equivalent to Proceeds from Disposal of Surplus Moveable Crown Assets,(S),970,970,870,870,1532,1532
Public Service Human Resources Management Agency of Canada,Operating expenditures,55,0,0,,,,
Public Service Labour Relations Board,Program expenditures,105,12982248,11615830,12892947,10667623,14026811,12140002
Public Service Labour Relations Board,Contributions to employee benefit plans,(S),1251477,1251477,1221089,1221089,1306699,1306699
Public Service Labour Relations Board,Spending of Amounts Equivalent to Proceeds from Disposal of Surplus Moveable Crown Assets,(S),64,0,64,64,,
Public Service Staffing Tribunal,Program expenditures,110,5155926,4326654,5043039,4192116,5438979,4387381
Public Service Staffing Tribunal,Contributions to employee benefit plans,(S),558097,558097,554721,554721,548695,548695
Public Works and Government Services,Operating expenditures,1,2550598117,2221945661,2506884908,2292411148,2266031098,2175092763
Public Works and Government Services,Capital expenditures,5,426938557,357265517,689430094,688531837,509318814,489566916
Public Works and Government Services,"Translation  Bureau Revolving Fund In accordance with section 29.1 of the Financial Administration Act, to increase from $10,000,000 to $20,000,000, effective April 1, 2011, the amount by which the aggregate of expenditures made for the purpose of the fund,  established by Vote 23d, Appropriation Act  No.4, 1994-95, may exceed the revenues",6,1,0,,,1,0
Public Works and Government Services,"Consulting and Audit Canada Revolving Fund In accordance with section 12 of the Revolving  Funds Act, R.S.C. 1985, c. R-8, to repeal section 5.4 of the said Act, as of March 31, 2012",7,1,0,1,0,1,0
Public Works and Government Services,Contributions,10,,,,,5210000,5053348
Public Works and Government Services,Collection Agency Fees under section 17.1 of the Financial Administration Act,(S),173,173,424,424,1170,1170
Public Works and Government Services,Consulting and Audit Canada Revolving Fund,(S),20908455,0,20908455,-1592517,2913824,2913824
Public Works and Government Services,Contributions to employee benefit plans,(S),112740824,112740824,115283089,115283089,115151728,115151728
Public Works and Government Services,Defence Production Revolving Fund,(S),100000000,0,100000000,0,100000000,0
Public Works and Government Services,Losses on Foreign Exchange,(S),5409,5409,87,87,29229,29229
Public Works and Government Services,Minister's Salary and Motor Car Allowance ,(S),77330,77330,77638,77638,77536,77536
Public Works and Government Services,Optional Services Revolving Fund,(S),38729648,-463653,39193301,-1707617,40900918,2015634
Public Works and Government Services,Payment in lieu of taxes to municipalities and other taxing authorities,(S),1084147,1084147,-830646,-830646,158371,158371
Public Works and Government Services,Real Property Disposition Revolving Fund,(S),847201,-4997609,-71147,-6525999,464448,-6880838
Public Works and Government Services,Real Property Services Revolving Fund,(S),303728527,-18033168,321761695,-6694130,190033203,6092305
Public Works and Government Services,Refunds of Previous Years Revenue,(S),2078495,2078495,45789,45789,649557,649557
Public Works and Government Services,Spending of Amounts Equivalent to Proceeds from Disposal of Surplus Moveable Crown Assets,(S),285845,196576,383753,120496,616108,371855
Public Works and Government Services,Telecommunications and Informatics Common Services Revolving Fund,(S),57306532,-5800432,63106964,1089755,0,0
Public Works and Government Services,Translation Bureau Revolving Fund,(S),28432055,1086358,27601960,357467,37799873,3215146
Registry of the Competition Tribunal,Program expenditures,85,2016289,1231564,2030607,1393219,2387460,1459253
Registry of the Competition Tribunal,Contributions to employee benefit plans,(S),136255,136255,132701,132701,129443,129443
Registry of the Competition Tribunal,Spending of Amounts Equivalent to Proceeds from Disposal of Surplus Moveable Crown Assets,(S),160,0,493,0,493,0
Registry of the Public Servants Disclosure Protection Tribunal,Program expenditures,115,1726200,834790,1726200,848136,1827258,1559962
Registry of the Public Servants Disclosure Protection Tribunal,Contributions to employee benefit plans,(S),109113,109113,92172,92172,126641,126642
Registry of the Specific Claims Tribunal,Operating expenditures,50,2696196,1940223,2763472,2058036,2780627,2317774
Registry of the Specific Claims Tribunal,Contributions to employee benefit plans,(S),62189,62189,107236,107236,116502,116502
Registry of the Specific Claims Tribunal,Spending of Amounts Equivalent to Proceeds from Disposal of Surplus Moveable Crown Assets,(S),342,0,456,0,114,0
Royal Canadian Mounted Police,Operating expenditures,45,2748512981,2523441546,2458974846,2308771609,2236610650,2119252589
Royal Canadian Mounted Police,Capital expenditures,50,287988876,252214455,316478094,237188430,346197021,275948698
Royal Canadian Mounted Police,"Grants and contributions, provided that the amount listed for any grant may be increased or decreased subject to the approval of the Treasury Board",55,105506376,99431377,116064573,110595599,128436789,122798710
Royal Canadian Mounted Police,Contributions to employee benefit plans,(S),84035926,84035926,79354456,79354456,81437633,81437633
Royal Canadian Mounted Police,Court Awards - Crown Liability and Proceedings Act,(S),,,,,122054,122054
Royal Canadian Mounted Police,Pensions and other employee benefits – Members of the Force,(S),329663935,329663935,346584999,346584999,352513931,352513931
Royal Canadian Mounted Police,"Pensions under the Royal Canadian Mounted Police Pension Continuation Act (R.S.C., 1970, c. R-10)",(S),17857400,17857400,16480442,16480442,15173970,15173970
Royal Canadian Mounted Police,Refunds of Previous Years Revenue,(S),98980,98980,194013,194013,122077,122077
Royal Canadian Mounted Police,Spending of Amounts Equivalent to Proceeds from Disposal of Surplus Moveable Crown Assets,(S),9714389,5257824,14026225,8241095,12792868,7206149
Royal Canadian Mounted Police External Review Committee,Program expenditures,60,1830755,1476214,2130286,1543980,1852330,1510318
Royal Canadian Mounted Police External Review Committee,Contributions to employee benefit plans,(S),138289,138289,240387,240387,181574,181574
Royal Canadian Mounted Police Public Complaints Commission,Program expenditures,65,7965414,6947725,7775528,6845824,8094978,7291687
Royal Canadian Mounted Police Public Complaints Commission,Contributions to employee benefit plans,(S),601776,601776,618179,618179,589215,589215
Security Intelligence Review Committee,Program expenditures,35,2899932,2123008,2856068,2400019,3090159,2536074
Security Intelligence Review Committee,Contributions to employee benefit plans,(S),231602,231602,283304,283304,297480,297480
Senate Ethics Officer,Program expenditures,20,754340,685477,719500,678941,719500,709569
Senate Ethics Officer,Contributions to employee benefit plans,(S),99222,99222,96964,96964,89873,89873
Shared Services Canada,Operating expenditures,17,,,,,585986653,530061391
Shared Services Canada,Capital expenditures,19,,,,,59338097,54660910
Shared Services Canada,"Telecommunications and Informatics Common  Services Revolving Fund - In accordance with section 12 of the Revolving Funds Act, to repeal section 5.2 of the said Act, as of March 31, 2012",21, ,,,,1,0
Shared Services Canada,Contributions to employee benefit plans,(S),,,,,27970401,27970401
Shared Services Canada,Pensions and other employee benefits – Members of the Force,(S),,,,,1243731,1243731
Shared Services Canada,Spending of Amounts Equivalent to Proceeds from Disposal of Surplus Moveable Crown Assets,(S),,,,,329,0
Shared Services Canada,Telecommunications and Informatics Common Services Revolving Fund,(S),,,,,8407790,8407790
Social Sciences and Humanities Research Council,Operating expenditures,90,25847367,24035113,25569835,24530985,24980865,23936272
Social Sciences and Humanities Research Council,Grants,95,664866409,659459398,663622047,661708989,671107052,670999277
Social Sciences and Humanities Research Council,Collection Agency Fees under section 17.1 of the Financial Administration Act,(S),,,2803,2803,614,614
Social Sciences and Humanities Research Council,Contributions to employee benefit plans,(S),2938943,2938943,2853148,2853148,2917498,2917498
Social Sciences and Humanities Research Council,Spending of Amounts Equivalent to Proceeds from Disposal of Surplus Moveable Crown Assets,(S),22,0,22,0,,
Standards Council of Canada,Payments to the Standards Council of Canada,100,7129000,7129000,8346841,7788900,8422240,8059060
Statistics Canada,Program expenditures,105,460233027,432104779,523432748,498807442,709583632,657703834
Statistics Canada,Contributions to employee benefit plans,(S),76984109,76984109,76388561,76388561,86351955,86351955
Statistics Canada,Spending of Amounts Equivalent to Proceeds from Disposal of Surplus Moveable Crown Assets,(S),4063,4063,12655,12655,56055,56055
Supreme Court of Canada,Program expenditures,50,23439147,21289959,23815609,22523077,24330899,23023637
Supreme Court of Canada,Contributions to employee benefit plans,(S),2579168,2579168,2727192,2727192,2707204,2707204
Supreme Court of Canada,"Judges' salaries, allowances and annuities, annuities to spouses and children of judges and lump sum payments to spouses of judges who die while in office (R.S.C., 1985, c. J -1)",(S),5160407,5160407,5045423,5045423,5724347,5724347
Supreme Court of Canada,Spending of Amounts Equivalent to Proceeds from Disposal of Surplus Moveable Crown Assets,(S),20250,20224,7091,0,8002,0
Telefilm Canada,Payments to Telefilm Canada to be used for the purposes set out in the Telefilm Canada Act,120,105667143,105667143,105670672,105667144,105667144,105667144
The Jacques Cartier and Champlain Bridges Incorporated,Payments to the Jacques Cartier and Champlain Bridges Inc.,60,107419938,78238999,121539001,89999001,153887000,97329991
The Senate,Program expenditures,1,58659050,55400729,59490350,53464529,59490350,56793395
The Senate,Contributions to employee benefit plans,(S),7377746,7377746,6864569,6864569,6641354,6641354
The Senate,"Officers and Members of the Senate – Salaries, allowances and other payments to the Speaker of the Senate, Members and other officers of the Senate under the Parliament of Canada Act; contributions to the Members of Parliament Retiring Allowances Account and Members of Parliament Retirement Compensation Arrangements Account (R.S.C., 1985, c. M-5) ",(S),27422721,27422721,28047542,28047542,26544931,26544931
Transport,Operating expenditures,1,448660169,398949926,672244094,646967841,626321153,594715998
Transport,Capital expenditures,5,182947813,106630994,225388258,84428378,93857621,69167107
Transport,Grants and contributions,10,740606240,302761744,850176749,351197635,721222520,365023967
Transport,"Pursuant to section 24.1 of the Financial Administration Act, to forgive certain debts and accrued interest due to Her Majesty in Right of Canada amounting to $22,646,108 relating to the Saint John Harbour Bridge Authority",17, ,,,,22646108,22646108
Transport,Contributions to employee benefit plans,(S),77359480,77359480,75855369,75855369,74921497,74921497
Transport,Minister's Salary and Motor Car Allowance ,(S),79760,79760,79760,79760,77346,77346
Transport,"Northumberland Strait Crossing Subsidy Payment under the Northumberland Strait Crossing Act (S.C., 1993, c. 43)",(S),56668074,56668074,57721021,57721021,59075229,59075229
Transport,"Payments in respect of St. Lawrence Seaway agreements under the Canada Marine Act (S.C., 1998, c. 10)",(S),65380726,65380726,67272663,67272663,83949521,83949521
Transport,"Payments to the Canadian National Railway Company in respect of the termination of the collection of tolls on the Victoria Bridge, Montreal and for rehabilitation work on the roadway portion of the Bridge (Vote 107, Appropriation Act No. 5, 1963, S.C., 1963,c.42)",(S),3300000,3300000,2041239,2041239,2584026,2584026
Transport,Refunds of Previous Years Revenue,(S),585417,585417,,,,
Transport,Spending of Amounts Equivalent to Proceeds from Disposal of Surplus Moveable Crown Assets,(S),2018226,0,7116858,2433696,9030166,9030166
Transportation Appeal Tribunal of Canada,Program expenditures,65,1673138,1313486,1664362,1611161,1730188,1730023
Transportation Appeal Tribunal of Canada,Contributions to employee benefit plans,(S),115735,115735,120843,120843,126182,126182
Treasury Board Secretariat,Program expenditures,1,263987580,242086248,262655826,254958502,299631271,279490244
Treasury Board Secretariat,Government contingencies,5,712117000,0,230667641,0,750000000,0
Treasury Board Secretariat,Government-wide initiatives,10,7511368,0,6562893,0,8510893,0
Treasury Board Secretariat,Compensation adjustments,15,0,0,0,0,0,0
Treasury Board Secretariat,Public Service Insurance,20,2164302143,2062150000,2223793511,1962746056,2380408439,2186595248
Treasury Board Secretariat,Operating budget carry forward,25,481553959,0,128041265,0,8060710,0
Treasury Board Secretariat,Paylist requirements,30,4543358,0,175324277,0,361781109,0
Treasury Board Secretariat,Capital budget carry forward,33,,,,,241898646,0
Treasury Board Secretariat,Budget Implementation Initiatives,35,883489014,0,0,0,0,0
Treasury Board Secretariat,Contributions to employee benefit plans,(S),31286036,31286036,30465702,30465702,32071416,32071416
Treasury Board Secretariat,Contributions to Employee Benefit Plans - Treasury Board Residual,(S),6470872,6470872,6200000,6200000,6200000,6200000
Treasury Board Secretariat,Minister's Salary and Motor Car Allowance ,(S),77638,77638,77638,77638,77555,77555
Treasury Board Secretariat,Payments for the Pay Equity Settlement,(S),-516564,-516564,-469692,-469692,72162,72162
Treasury Board Secretariat,Payments under Earlier Superannuation Acts,(S),2448,2448,1830,1830,1552,1552
Treasury Board Secretariat,Spending of Amounts Equivalent to Proceeds from Disposal of Surplus Moveable Crown Assets,(S),8043,0,973,0,24409,0
Veterans Affairs,Operating expenditures,1,967821423,912448307,945195200,912328739,999784056,941565911
Veterans Affairs,Capital expenditures,5,11103000,9038000,,,,
Veterans Affairs,Grants and contributions,5,2493593000,2432439341,2554705000,2546405035,2624930000,2511656858
Veterans Affairs,Contributions to employee benefit plans,(S),45398213,45398213,44256549,44256549,43663674,43663674
Veterans Affairs,Contributions to employee benefit plans,(S),1772288,1772288,1691484,1691484,,
Veterans Affairs,Court Awards - Crown Liability and Proceedings Act,(S),17312,17312,20016,20016,24190,24190
Veterans Affairs,Losses on Foreign Exchange,(S),8043,8043,,,,
Veterans Affairs,Minister's Salary and Motor Car Allowance ,(S),74925,74925,77638,77638,77516,77516
Veterans Affairs,Refunds of Previous Years Revenue,(S),501051,501051,132825,132825,66707,66707
Veterans Affairs,Returned Soldiers Insurance Actuarial Liability Adjustment,(S),1291,1291,1302,1302,,
Veterans Affairs,Spending of Amounts Equivalent to Proceeds from Disposal of Surplus Moveable Crown Assets,(S),50087,41887,19425,19425,21257,15257
Veterans Affairs,Veterans Insurance Actuarial Liability Adjustment,(S),135244,135244,62699,62699,17137,17137
Veterans Review and Appeal Board,Program expenditures,10,10573229,10371196,10406203,10399375,11231700,11060985
Veterans Review and Appeal Board,Contributions to employee benefit plans,(S),,,,,1685313,1685313
VIA Rail Canada Inc.,Payments to VIA Rail Canada Inc.,70,476917000,387290756,644521000,527200000,556309000,493795244
Western Economic Diversification,Operating expenditures,1,59483110,54990548,60297506,54474589,52283212,48751070
Western Economic Diversification,Grants and contributions,5,277461456,226147411,405316374,387357691,155097519,135846496
Western Economic Diversification,Collection Agency Fees under section 17.1 of the Financial Administration Act,(S),11989,11989,207,207,,
Western Economic Diversification,Contributions to employee benefit plans,(S),6712167,6712167,6656408,6656408,6182424,6182424
Western Economic Diversification,Minister's Salary and Motor Car Allowance ,(S),2122,2122,2122,2122,2020,2020
Western Economic Diversification,Spending of Amounts Equivalent to Proceeds from Disposal of Surplus Moveable Crown Assets,(S),2262,2262,332,332,12747,1471
Western Economic Diversification,Transfer Payments in Connection with the Budget Implementation Act,(S),133437000,133437000,18000000,18000000,4500000,4500000
