username,date,retweets,favorites,text,geo,mentions,hashtags,id,permalink,Search_Term
,5/9/2017 13:51,0,0,Farm Equipment Crash Study | Great Plains Center for Agricultural Health https://www.public-health.uiowa.edu/gpcah/center-projects/farm-equipment-crash-study/ …,,,,8.62E+17,https://twitter.com/PeterLundqvist1/status/862017259941883904,Agricultutal Equipment Crash
,4/26/2017 19:00,0,0,Mock crash raises awareness of sharing roads with agricultural equipment. http://mnhne.ws/2p4NyTr ,,,,8.57E+17,https://twitter.com/mnherald/status/857383903702732800,Agricultutal Equipment Crash
,5/23/2014 22:46,0,0,Not just a rural occurren Differences in agricultural equipment crash characteristic http://engineering.scientific-papers.com/not-just-a-r ,,,,4.70E+17,https://twitter.com/scientificpaper/status/470048158094200832,Agricultutal Equipment Crash
,5/15/2017 7:25,0,0,Oakes Man Killed in Crash of SUV and Farm Equipment https://www.usnews.com/news/best-states/north-dakota/articles/2017-05-15/oakes-man-killed-in-crash-of-suv-and-farm-equipment?utm_source=dlvr.it&utm_medium=twitter …,,,,8.64E+17,https://twitter.com/24H_WorldNews/status/864094300404989953,Farm Equipment Crash
,5/9/2017 13:51,0,0,Farm Equipment Crash Study | Great Plains Center for Agricultural Health https://www.public-health.uiowa.edu/gpcah/center-projects/farm-equipment-crash-study/ …,,,,8.62E+17,https://twitter.com/PeterLundqvist1/status/862017259941883904,Farm Equipment Crash
,5/4/2017 8:07,1,0,Here's a look at the crash on I-5 nb at Capital Hwy. looks like big farm equipment blocking rt lane. USE CAUTION #LiveOnK2 #pdxtrafficpic.twitter.com/8GlkDktFAD,,,#LiveOnK2 #pdxtrafficpic,8.60E+17,https://twitter.com/MikeKATU/status/860118678087409664,Farm Equipment Crash
,5/3/2017 16:43,0,0,Heavy Equipment: Tractor FAIL/WIN 2016 Accidents Agricolture Farm Equipment Traktor Crash Machine #2 http://youtu.be/Gsp7FJwbNLw  #farming,,,#2 #farming,8.60E+17,https://twitter.com/gofarmvideos/status/859886092450975749,Farm Equipment Crash
,5/3/2017 15:23,0,0,Train &amp; Farm Equipment in Serious Crash,,,,8.60E+17,https://twitter.com/TaniaSegal1/status/859866106705592320,Farm Equipment Crash
,4/28/2017 21:26,2,1,Sheldon Lyon has one word for avoiding a crash with farm equipment: vigilance. http://npnow.news/2oHkpiA ,,,,8.58E+17,https://twitter.com/newspressnow/status/858145371385679878,Farm Equipment Crash
,4/28/2017 12:00,1,2,"After a fatal crash involving a former Bachelor""",,,,,,Farm Equipment Crash
,4/26/2017 0:46,0,0,http://LocalNews8.com  Deadly farm equipment crash involving 'bachelor' contestant prompts warning to… http://goo.gl/IhKVW3 ,,,,8.57E+17,https://twitter.com/Idaho_Guide/status/857108716646273026,Farm Equipment Crash
,4/13/2017 17:46,5,0,Burning car dragged 200 feet after driver hits farm equipment near Lively Grove. #car #crash #news http://www.bnd.com/news/local/article144481394.html …pic.twitter.com/DC4DURQ7jv,,,#car #crash #news,8.53E+17,https://twitter.com/bellevillenewsd/status/852654247535661056,Farm Equipment Crash
,3/21/2017 7:45,0,0,Iowa man killed in crash with farm equipment,,,,,,Farm Equipment Crash
,3/20/2017 21:28,0,1,Iowa man killed in crash with farm equipment on Highway 151,,,,,,Farm Equipment Crash
,3/10/2017 7:34,0,0,Woman injured in crash with farm equipment: A woman has been airlifted to Lafayette General Hospital after her… http://m.tbnn.it/NbJ2jM pic.twitter.com/fZilDR5bEr,,,,8.40E+17,https://twitter.com/lafayettebuzz/status/840194110711513088,Farm Equipment Crash
,3/10/2017 7:34,0,0,WATCH: Woman injured after crash with farm equipment: A woman was injured in Duson Thursday night when her car… http://m.tbnn.it/NbJ2f4 pic.twitter.com/LriLFu0SV7,,,,8.40E+17,https://twitter.com/lafayettebuzz/status/840194100334804994,Farm Equipment Crash
,2/15/2017 12:38,0,0,Woman seriously injured in car crash involving farm equipment http://www.yumasun.com/news/woman-seriously-injured-in-car-crash-involving-farm-equipment/article_760b643a-eff8-11e6-90a5-efa2875b529b.html?utm_medium=social&utm_source=twitter&utm_campaign=user-share … via @yumasun,,@yumasun,,8.32E+17,https://twitter.com/YSJamesGilbert/status/831935838954991616,Farm Equipment Crash
,2/10/2017 20:47,0,1,A woman was injured in a car crash that involved a tractor pulling farm equipment... http://www.yumasun.com/news/woman-seriously-injured-in-car-crash-involving-farm-equipment/article_760b643a-eff8-11e6-90a5-efa2875b529b.html …,,,,8.30E+17,https://twitter.com/yumasun/status/830246889140269057,Farm Equipment Crash
,2/3/2017 21:51,0,1,Farm equipment isn't cheap. Remember 2008? Loans for upgrades may be hard to get if economy crash,,,,8.28E+17,https://twitter.com/lesscrazyplease/status/827726276613988354,Farm Equipment Crash
,1/30/2017 5:47,3,3,#TrafficAlert Crash US 40 & OH-726. Dispatchers say it's a vehicle vs. farm equipment. Injuries reported. Intersection likely closed. @WDTN,,@WDTN,#TrafficAlert,8.26E+17,https://twitter.com/WDTNKelleyKing/status/826034030969749505,Farm Equipment Crash
,1/30/2017 5:27,1,0,#UPDATE: CareFlight requested to serious crash involving a vehicle and piece of farm equipment in Preble Co. http://on.whio.com/2kiHmpe pic.twitter.com/PFBOWQ1xeB,,,#UPDATE,8.26E+17,https://twitter.com/whiotv/status/826029075043082240,Farm Equipment Crash
,1/30/2017 5:14,1,1,CRASH: U.S.40 at Rt. 726 in Preble Co. Report of vehicle vs. farm equipment crash. #DaytonTraffichttp://on.whio.com/2kiLQMN ,,,#DaytonTraffichttp,8.26E+17,https://twitter.com/WHIOTraffic/status/826025698850652166,Farm Equipment Crash
,1/8/2017 20:48,0,0,Heavy Equipment: Tractor FAIL/WIN 2016 Accidents Agricolture Farm Equipment Traktor Crash Machine #2 http://youtu.be/n1zi-p6b7yI  #farming,,,#2 #farming,8.18E+17,https://twitter.com/gofarmvideos/status/818288207569842176,Farm Equipment Crash
,10/28/2016 17:00,0,0,A two-vehicle crash in Butte County involving a car and a piece of farm equipment killed a 67-year-old woman. http://ksoo.com/?p=302461 pic.twitter.com/1HdPtJmNah,,,,7.92E+17,https://twitter.com/twright0610/status/792123792516587521,Farm Equipment Crash
,10/27/2016 18:00,0,0,Driver airlifted after crash with farm equipment http://buff.ly/2eKD58v pic.twitter.com/z5ZazIWU6S,,,,7.92E+17,https://twitter.com/RCJournal/status/791776516749271040,Farm Equipment Crash
,9/19/2016 12:35,2,1,A Maysville woman lost one of her legs in a fiery morning crash that involved farm equipment. http://witn.com/a?a=393994301 ,,,,7.78E+17,https://twitter.com/WITN/status/777923966434410496,Farm Equipment Crash
,9/12/2016 8:15,0,0,Harvest is underway and farm equipment is on the roads. Vehicles crash w/ silage boxes in separate accidents Sunday.http://bit.ly/2cpShcj ,,,,7.75E+17,https://twitter.com/CarolynLange/status/775321832203358208,Farm Equipment Crash
,8/27/2016 0:08,0,0,Crash involving trailer full of farm equipment injures woman near Pillager http://trib.al/AEJxGf7 ,,,,7.69E+17,https://twitter.com/bemidji/status/769401218968018948,Farm Equipment Crash
,8/12/2016 16:14,0,0,OLNEY MAN INJURED IN JASPER COUNTY CRASH INVOLVING FARM EQUIPMENT https://shar.es/1ZFv8b  via @Disclosuretweet,,@Disclosuretweet,,7.64E+17,https://twitter.com/disclosuretweet/status/764208343951040513,Farm Equipment Crash
,8/12/2016 15:56,0,0,OLNEY MAN INJURED IN JASPER COUNTY CRASH INVOLVING FARM EQUIPMENT: An Olney man driving a garbage truck south... http://bit.ly/2bp5TX1 ,,,,7.64E+17,https://twitter.com/silreport/status/764204034781696000,Farm Equipment Crash
,7/12/2016 12:09,0,1,Open Access: Lighting and marking policies are associated with reduced farm equipment-related crash rates: a ... http://bmj.co/29Bnl4O ,,,,7.53E+17,https://twitter.com/OEM_BMJ/status/752912674728448000,Farm Equipment Crash
,6/28/2016 9:51,0,0,Drugs suspected in motorcycle crash with farm equipment http://bit.ly/28XYW8a ,,,,7.48E+17,https://twitter.com/MuskegonChron/status/747804685365616640,Farm Equipment Crash
,5/31/2016 18:10,0,0,From The Newsroom: Woman Injured In Crash With Farm Equipment http://fb.me/2Wz97uH5q ,,,,7.38E+17,https://twitter.com/983TheCoast/status/737783274789961729,Farm Equipment Crash
,5/23/2016 20:07,1,2,VIDEO: On the scene of crash where motorcyclist hit farm equipment: http://on.whio.com/1RlKSDU ,,,,7.35E+17,https://twitter.com/whiotv/status/734913762126397442,Farm Equipment Crash
,5/12/2016 16:56,3,1,#BreakingNews - #NCHP cruiser involved in a serious crash in Wayne County .. appears to have hit some farm equipment pic.twitter.com/oFbbbWTMV6,,,#BreakingNews #NCHP,7.31E+17,https://twitter.com/DerekRowles/status/730879324732178432,Farm Equipment Crash
,2/24/2016 10:56,3,0,Farm equipment on the road: mud is difficult to avoid,,,,,,Farm Equipment Crash
,2/19/2016 13:46,0,0,the wind is blowing so hard rn,,,,,,Farm Equipment Crash
,11/3/2015 13:48,1,0,WDEL's Road Scholar: Fatal crash in Townsend prompts joint farm equipment advisory http://ift.tt/1MwyLBS ,,,,6.62E+17,https://twitter.com/WDEL/status/661631106458980352,Farm Equipment Crash
,10/21/2015 23:26,0,0,Fatal crash: One dead,,,,,,Farm Equipment Crash
,10/12/2015 15:56,12,8,Drivers,,,,,,Farm Equipment Crash
,9/28/2015 16:46,0,0,One man injured in crash near Stanfield. Remember,,,,,,Farm Equipment Crash
,9/15/2015 13:19,0,0,Man dies in fiery crash with farm equipment http://dmreg.co/1FdfBUs  via @DMRegister,,@DMRegister,,6.44E+17,https://twitter.com/mckelmer/status/643851632380354560,Farm Equipment Crash
,9/15/2015 13:16,1,1,Iowa man dies in fiery crash with farm equipment http://dmreg.co/1KdQrEz ,,,,6.44E+17,https://twitter.com/DMRegister/status/643850972037562368,Farm Equipment Crash
,9/15/2015 10:56,0,0,Car slams into farm equipment in fiery crash killing driver http://on.kcci.com/1iekjH2 ,,,,6.44E+17,https://twitter.com/KCCINews/status/643815590738563072,Farm Equipment Crash
,8/20/2015 23:27,0,1,@Kel_inthecube Yes. It must involve stage 4 cancer,,,,,,Farm Equipment Crash
,4/14/2015 13:41,0,0,Man seriously injured after crash with farm equipment - http://www.newhamburgindependent.ca/news/man-seriously-injured-after-crash-with-farm-equipment/ …,,,,5.88E+17,https://twitter.com/NewHamburgIndy/status/588049533763981314,Farm Equipment Crash
,11/14/2014 8:24,1,1,UPDATE: OPP identify man killed in crash with farm equipment. http://blackburnnews.com/london/london-news/2014/11/13/fatal-crash-involving-tractor/ …,,,,5.33E+17,https://twitter.com/BlackburnLondon/status/533264310752280576,Farm Equipment Crash
,11/14/2014 8:22,0,0,Elgin OPP identify driver involved in fatal crash with farm equipment last night as 63 y/o Alan James Hollywell of Port Burwell. #sttont,,,#sttont,5.33E+17,https://twitter.com/myFM_News941/status/533263672928661505,Farm Equipment Crash
,11/14/2014 7:29,0,0,Driver dies after crash with farm equipment. http://www.lfpress.com/2014/11/14/driver-killed-in-collision-with-farm-equipment … #ldnont,,,#ldnont,5.33E+17,https://twitter.com/JeninLdnont/status/533250326812721152,Farm Equipment Crash
,10/29/2014 18:35,0,0,FATAL FARM EQUIPMENT CRASH IN CLARK COUNTY: A fatality is being reported in Clark County in a combine vs. Ford... http://bit.ly/13fzOra ,,,,5.28E+17,https://twitter.com/silreport/status/527604632982278144,Farm Equipment Crash
,10/29/2014 17:05,0,0,#Fatal farm equipment crash in #ClarkCountyIL on Route 1 http://shar.es/10rRJp  via @Disclosuretweet,,@Disclosuretweet,#Fatal #ClarkCountyIL,5.28E+17,https://twitter.com/disclosuretweet/status/527582049427660800,Farm Equipment Crash
,10/20/2014 14:55,0,0,**CRASH** Tammy says Bad accident on Bruce road 10 at the Roberts farm equipment intersection. Police,,,,,,Farm Equipment Crash
,10/15/2014 7:09,0,0,Farm Equipment Injury Mercer County Injury in Crash Route 8 Reorganization Considered at Titusville... http://fb.me/1GE1tsQyI ,,,,5.22E+17,https://twitter.com/STREAMNEWS1/status/522358692684251136,Farm Equipment Crash
,9/23/2014 16:57,4,0,UPDATE... Hwy 83 at Jones Road should be completely reopened within the next 30 minutes. Loading farm equipment from the earlier crash.,,,,5.15E+17,https://twitter.com/CSP_CastleRock/status/514534069288198144,Farm Equipment Crash
,9/15/2014 12:30,0,0,B-Aware,,,,,,Farm Equipment Crash
,9/5/2014 11:38,1,0,Big piece of farm equipment blocking Broadwell Ave as part of two-car crash has been moved. Broadwell is open again pic.twitter.com/dIV9STWgCZ,,,,5.08E+17,https://twitter.com/KimCungTV/status/507930853297504256,Farm Equipment Crash
,9/5/2014 11:15,0,0,Huge piece of farm equipment blocking Broadwell as part of crash. pic.twitter.com/U7wffOigm9,,,,5.08E+17,https://twitter.com/sarahschulz/status/507924941295976448,Farm Equipment Crash
,7/18/2014 20:25,0,0,Clayton Man Injured in Hartly Crash with Farm Equipment: Delaware State Police are investigating an early morning... http://dlvr.it/6MZ5Jb ,,,,4.90E+17,https://twitter.com/oceancitymdnews/status/490306307832836096,Farm Equipment Crash
,7/18/2014 10:58,0,0,Breaking News: #Clayton Clayton Man Injured in Hartly Crash with Farm Equipment http://www.denewsfeed.com/clayton/clayton-man-injured-in-hartly-crash-with-farm-equipment/ …,,,#Clayton,4.90E+17,https://twitter.com/DENewsFeed/status/490163800432074752,Farm Equipment Crash
,7/18/2014 10:43,0,0,Clayton Man Injured in Hartly Crash with Farm Equipment: Delaware State Police are investigating an early morning... http://dlvr.it/6MP3xG ,,,,4.90E+17,https://twitter.com/oceancitymdnews/status/490160012421910529,Farm Equipment Crash
,7/18/2014 9:58,0,1,Clayton man injured in an early morning crash involving farm equipment in Hartly. Details here -->>... http://fb.me/6FZZo9JvT ,,,,4.90E+17,https://twitter.com/wboc/status/490148506955706368,Farm Equipment Crash
,7/15/2014 14:49,3,2,Teens Airlifted To Vidant After SUV Rear-Ends Farm Equipment: State troopers say the crash happened on U.S. 64... http://bit.ly/1p3R7ju ,,,,4.89E+17,https://twitter.com/WITN/status/489134658727075840,Farm Equipment Crash
,7/6/2014 8:04,0,0,Man Dies in Collision with Farm Equipment: The crash happened in the town of Bergen in Genesee County around 2:30... http://dlvr.it/6DpYzd ,,,,4.86E+17,https://twitter.com/rochesternybuzz/status/485771168201191425,Farm Equipment Crash
,6/26/2014 13:51,0,0,South Harrison motorcycle,,,,,,Farm Equipment Crash
,6/12/2014 8:31,2,1,US-23 SB is closed south of Bloomfield in Pickaway Co because of a semi crash. The truck hit a piece of farm equipment that fell on the road,,,,4.77E+17,https://twitter.com/wsyx6/status/477080638127112192,Farm Equipment Crash
,5/7/2014 12:05,0,0,Highway open after crash near Sheldon,,,,,,Farm Equipment Crash
,4/27/2014 14:54,0,0,Farm equipment must share our roads please be patient and use caution. Remember you won't get there at all if you crash.,,,,4.61E+17,https://twitter.com/SugarCreekTwpFD/status/460507316769390593,Farm Equipment Crash
,1/22/2014 13:30,0,0,S.C. EMTs get crash course in saving someone trapped in farm equipment http://bit.ly/KH8GYN ,,,,4.26E+17,https://twitter.com/EMS1/status/426074296973160448,Farm Equipment Crash
,12/6/2013 8:23,0,0,Wicomico County couple awarded $1M for crash with farm equipment: A few weeks ago,,,,,,Farm Equipment Crash
,11/12/2013 19:48,0,0,The State Patrol is investigating a car/farm equipment crash on State Route 31 this evening. Details coming soon. http://ow.ly/i/3HV6r ,,,,4.00E+17,https://twitter.com/wktnradio/status/400439948899520512,Farm Equipment Crash
,10/8/2013 11:56,2,0,RT @MnDPS_OTS: A fatal crash last mo. w/a farm implement a reminder to be aware of farm equipment this time of year. http://www.twincities.com/localnews/ci_24055704/olivia-couple-killed-after-car-hits-farm-implement …,,@MnDPS_OTS,,3.88E+17,https://twitter.com/MnDPS_MSP/status/387622430371766273,Farm Equipment Crash
,10/4/2013 20:02,0,0,BREAKING: At least one person injured in U.S. 50 farm equipment crash. http://ohne.ws/177EZ7w ,,,,3.86E+17,https://twitter.com/ChilliGaz/status/386295371715985408,Farm Equipment Crash
,9/13/2013 11:48,2,0,Have patience with farm equipment moving on roads this weekend. Get to your destination quicker. Saw 1 crash already. No camping there,,,,3.79E+17,https://twitter.com/WolfFarms/status/378560782507593728,Farm Equipment Crash
,9/9/2013 7:22,0,0,An Olivia couple has been killed in a crash with a piece of farm equipment on Highway 71 in Renville County. http://knsiradio.com/news/local/couple-killed-highway-71-crash/ …,,,,3.77E+17,https://twitter.com/KNSI/status/377044324321460226,Farm Equipment Crash
,7/19/2013 17:23,0,0,Wow what a crappy drive home; new construction zone,,,,,,Farm Equipment Crash
,7/12/2013 0:34,2,0,Mac and Dayton Fire going to a crash,,,,,,Farm Equipment Crash
,7/11/2013 9:27,1,0,Rescue personnel and a Norfolk ambulance helicopter have been called to a motorcycle vs. farm equipment crash on Route 13 near Birdsnest.,,,,3.55E+17,https://twitter.com/TheESNews/status/355332609687027714,Farm Equipment Crash
,5/25/2013 14:37,1,0,@youvebeendozed has been getting a crash course in farm equipment and country roads.,,@youvebeendozed,,3.38E+17,https://twitter.com/SmashEsquire/status/338378347396603906,Farm Equipment Crash
,5/7/2013 13:58,0,0,OHP reporting a crash involving farm equipment on Gooding Road. Minor injuries. #startoday,,,#startoday,3.32E+17,https://twitter.com/NickNBC4/status/331845625987612672,Farm Equipment Crash
,4/24/2013 12:28,0,0,The Crash at Hwy 19 and 151 involving Farm Equipment has been cleared. #NBC15pic.twitter.com/4ACZnFOMHh,,,#NBC15pic,3.27E+17,https://twitter.com/WMTVDesk/status/327111915308478465,Farm Equipment Crash
,2/26/2013 8:59,0,0,#NFLCombine Is this farm equipment with the NFL logo on it?,,,#NFLCombine,3.06E+17,https://twitter.com/CrashMacDuff/status/306418253041893379,Farm Equipment Crash
,10/23/2012 22:43,1,0,Truck Attempting To Pass Farm Equipment Causes Fatal Crash,,,,,,Farm Equipment Crash
,10/19/2012 13:20,0,1,For research on what it's like to be in a plane crash or lose your arm to farm equipment,,,,,,Farm Equipment Crash
,8/20/2012 9:34,0,0,An Ohio motorcyclist died Sunday in a crash with a tractor. How can motorcyclists and farm equipment coexist? http://www.motoreagles.com/ ,,,,2.38E+17,https://twitter.com/MotorEagles/status/237558316144926721,Farm Equipment Crash
,5/14/2012 8:34,1,0,Flight to pick up farm equipment ends in plane crash tragedy for two southern Alberta families (video) http://edmjr.nl/IR7OKs ,,,,2.02E+17,https://twitter.com/edmontonjournal/status/202029141082640384,Farm Equipment Crash
,5/14/2012 7:27,0,0,Flight to pick up farm equipment ends in plane crash tragedy for two southern ... - Calgary Herald http://bit.ly/LILe8N ,,,,2.02E+17,https://twitter.com/rboese/status/202012189152903168,Farm Equipment Crash
,5/13/2012 18:19,1,0,Flight to pick up farm equipment ends in plane crash tragedy for two southern Alberta families http://www.calgaryherald.com/news/alberta/Flight+pick+farm+equipment+ends+plane+crash+tragedy+southern+Alberta/6614446/story.html … #yeg #yyc,,,#yeg #yyc,2.02E+17,https://twitter.com/mariamdena/status/201813975866945536,Farm Equipment Crash
,4/1/2012 14:00,0,0,Crash into farm equipment saves woman from plunging 50 feet http://bit.ly/Hdl1yB ,,,,1.87E+17,https://twitter.com/kfvsnews/status/186528582221307904,Farm Equipment Crash
,3/30/2012 15:25,0,0,@GeorgeHDaviesF1 Oh yeah,,,,,,Farm Equipment Crash
,3/16/2012 6:51,0,0,Update: No crash US-131 NB s. of 14 MILE. Farm equipment apassing driver mistook for a rollover. Units to check. #grtraffic #Rockford #FOX17,,,#grtraffic #Rockford #FOX17,1.81E+17,https://twitter.com/FOX17Traffic/status/180622209415528448,Farm Equipment Crash
,2/29/2012 15:26,0,0,@abc Battery power is very expensive & not technologically advanced to be used for train,,,,,,Farm Equipment Crash
,10/2/2011 18:24,0,0,Texas agriculture hard hit by cotton crash; enter the insurance factor http://bit.ly/p5n1hs  farm equipment ;),,,,1.21E+17,https://twitter.com/farfiemaf/status/120640349919121408,Farm Equipment Crash
,9/7/2011 0:54,0,0,Deadly Farm Equipment Crash Raises Safety Questions: Harvest season in eastern Idaho means slow-moving farm vehi... http://bit.ly/qTf1nV ,,,,1.11E+17,https://twitter.com/seinow/status/111316435795578880,Farm Equipment Crash
,8/9/2011 6:01,0,0,Stock market crash - I'm invested in shop and farm equipment...,,,,1.01E+17,https://twitter.com/ottcdrfurniture/status/100884498824167424,Farm Equipment Crash
,7/19/2011 15:23,0,0,Horrifying crash in Finger Lakes. #ROC Please,,,,,,Farm Equipment Crash
,7/19/2011 14:25,0,0,Yates,,,,,,Farm Equipment Crash
,6/17/2011 22:04,0,0,London Free Press Farm equipment crash fatal http://om.ly/BWrzU,,,,8.19E+16,https://twitter.com/OntNews/status/81920237385158656,Farm Equipment Crash
,6/9/2011 14:30,0,0,Serious crash in Manlius - A teenager is seriously injured after a crash involving farm equipment. It happened aroun... http://ow.ly/1d9bTE,,,,7.89E+16,https://twitter.com/SPECNewsCNY/status/78906736064479232,Farm Equipment Crash
,5/30/2011 0:18,0,0,Fatal crash: SUV collides with farm equipment: Wolfe,,,,,,Farm Equipment Crash
,2/14/2011 8:31,0,0,CO Man Gets $1.4M Deal in Fatal NE Crash: A Colorado man has settled with the operator of farm equipment involve... http://bit.ly/gkXJvA,,,,3.72E+16,https://twitter.com/KOGAKMCX/status/37157068242685953,Farm Equipment Crash
,2/9/2011 18:34,0,0,$1.4M deal in fatal crash - A Colorado man has settled with the operator of farm equipment involved in a 2009 crash ... http://ow.ly/1bghMd,,,,3.55E+16,https://twitter.com/OWHnews/status/35496759903911936,Farm Equipment Crash
,8/23/2010 10:10,0,0,1 Dead In Horse-Drawn Buggy Crash In Iowa: Authorities say the driver of a horse-drawn buggy pulling some farm equipment… www.MinnMix.com,,,,21920981633,https://twitter.com/MinnMix/status/21920981633,Farm Equipment Crash
,8/7/2010 18:45,0,0,Watching a Compound Crash Derby. Yes big ass compounds crashing..lol I will never look at a compound as just farm equipment again.,,,,20586060145,https://twitter.com/jcounts77/status/20586060145,Farm Equipment Crash
,8/3/2010 15:19,0,0,Is watching combine crash up derby. Yes,,,,,,Farm Equipment Crash
,6/29/2010 22:08,0,0,Motorcycle driver loses arm in Ottawa County crash: The motorcycle collided with a piece of farm equipment,,,,,,Farm Equipment Crash
,6/26/2010 12:32,0,0,Latest News: Falling compactor causes crash: A piece of farm equipment that fell off a trailer resulted in i... http://tinyurl.com/2bzqptt,,,,17106496607,https://twitter.com/CJOnline/status/17106496607,Farm Equipment Crash
,12/17/2009 8:30,0,0,Truck,,,,,,Farm Equipment Crash
,6/3/2009 8:33,0,0,Great. Took detour off highway around crash & now traffic backed up behind farm equipment. Grrrrrrr,,,,2016309177,https://twitter.com/maple_fan/status/2016309177,Farm Equipment Crash
,12/5/2015 13:47,0,0,@Annie_Bannany Sigh.. name calling again.. What it the farm equip accident that makes you this way.?. someone drop u on your head?,,@Annie_Bannany,,6.73E+17,https://twitter.com/Megreg916/status/673227306140209152,Farm Equip Crash
,11/15/2015 17:19,4,0,@NewsBayshore Bad accident in front of Brindley Farm Equip. On Hwy 10. Highway blocked both directions.,,@NewsBayshore,,6.66E+17,https://twitter.com/17kenn/status/666032910093389824,Farm Equip Crash
,10/21/2015 20:24,6,0,Fire crews are on scene at a vehicle accident on Hwy 509. Tractor,,,,,,Farm Equip Crash
,7/21/2015 10:23,0,0,@wsp lost car almost causes major accident on Adams rd s,,,,,,Farm Equip Crash
,12/5/2014 20:59,5,6,Another tragic accident w/ farm equip,,,,,,Farm Equip Crash
,7/25/2014 12:55,0,0,Bad day to be driving farm equip on hametown damn accident on 21 routed everyone on this road.. Pain in my ass,,,,4.93E+17,https://twitter.com/JVillers24/status/492729895101820928,Farm Equip Crash
,5/11/2014 15:52,0,0,2 road deaths in Oxford County this wknd. 48 yr old motorcyclist in single vehicle accident and 9 year old girl after car hits farm equip,,,,4.66E+17,https://twitter.com/briandon30/status/465595381104279552,Farm Equip Crash
,8/7/2012 17:26,1,0,@theeveningsun multi vehicle accident in the center of the road at Moulstown intersection. MediVac landed in field behind farm equip dealer.,,@theeveningsun,,2.33E+17,https://twitter.com/WadingSmith/status/232966073878708224,Farm Equip Crash
,6/26/2010 22:07,0,0,Woman Hurt in Farming Accident: ENON,,,,,,Farm Equip Crash
,11/5/2009 15:27,0,0,While sick,,,,,,Farm Equip Crash
,5/17/2017 0:39,0,0,http://www.channel3000.com/news/toddler-dies-in-farming-accident/501301681 … Toddler dies in farming accident.I Love Farmer's but these children were too young to be driving farm equipment.,,,,8.65E+17,https://twitter.com/rmkisting/status/864716866996101120,Farm Equipment Accident
,5/16/2017 10:06,0,0,Man dead after farm equipment accident http://dlvr.it/P8y5Jf pic.twitter.com/OU8WOixnQD,,,,8.64E+17,https://twitter.com/WSAZnews/status/864497324990398465,Farm Equipment Accident
,5/12/2017 12:32,0,0,This high-profile accident is a good example of why #RoadSafety is so important for farm equipment operators: http://www.agprofessional.com/news/industry/5-safety-lessons-chris-soules-accident …,,,#RoadSafety,8.63E+17,https://twitter.com/MitchDugan/status/863084356981501954,Farm Equipment Accident
,5/3/2017 14:16,0,0,Here's the latest on a deadly accident between a train and farm equipment. It happened at the Parke/Vigo line. http://www.wthitv.com/story/35330993/accident-between-farm-equipment-and-train-near-parkevigo-line …,,,,8.60E+17,https://twitter.com/LYates_WTHI/status/859849101470519297,Farm Equipment Accident
,5/3/2017 11:05,1,0,#BREAKING Serious accident between train and farm equipment on Lambert Avenue in northern Vigo County. http://www.mywabashvalley.com/news/train-farm-equipment-in-serious-crash/705704950 …pic.twitter.com/ILuEJwQ9e5,,,#BREAKING,8.60E+17,https://twitter.com/wtwonews/status/859801000454086656,Farm Equipment Accident
,5/3/2017 11:01,0,1,On the scene of a reported train v. farm equipment accident via scanner traffic. Will bring you as much info as I can as it seconds avail. pic.twitter.com/AaioDjP8o9,,,,8.60E+17,https://twitter.com/Rebecca_WTWO/status/859800127078359040,Farm Equipment Accident
,4/26/2017 20:30,1,8,This tragic accident is a sad reminder for everyone to watch for farm equipment on the road. http://bit.ly/2p5ynJv ,,,,8.57E+17,https://twitter.com/KCRG/status/857406450678849536,Farm Equipment Accident
,4/25/2017 9:24,0,0,My prayers go out to all involved. A John Deere tractor is farm equipment= A farming accident. Not a large truck / tractor trailer. https://twitter.com/nypost/status/856873005124866055 …,,,,8.57E+17,https://twitter.com/JenCleveland/status/856876663279415296,Farm Equipment Accident
,4/24/2017 21:47,0,0,The fatal accident involved an SUV and farm equipment. http://npnow.news/2pciPSU ,,,,8.57E+17,https://twitter.com/NPNowTV/status/856701282735845377,Farm Equipment Accident
,4/24/2017 17:01,0,0,Saw my first car vs. farm equipment accident ever in 42 years of living in Indiana. The sprayer won. Thankfully no one seriously injured.,,,,8.57E+17,https://twitter.com/jlgnorcross/status/856629319183065089,Farm Equipment Accident
,4/23/2017 5:58,0,0,Penn Yan Toddler Injured in Farm Equipment Accident http://dlvr.it/NyYBrZ pic.twitter.com/EUgrTTj0aV,,,,8.56E+17,https://twitter.com/FLNewsRadio/status/856099878954336256,Farm Equipment Accident
,4/22/2017 18:07,1,1,Accident on Highway 59 at Craig exit. Farm equipment blocking highway 59. pic.twitter.com/EXcrh6DjJD,,,,8.56E+17,https://twitter.com/moundcity_news/status/855920954047840256,Farm Equipment Accident
,3/20/2017 13:34,0,0,East Idaho Man Dies in Farm Equipment Accident http://dlvr.it/NglBGr  #commodity,,,#commodity,8.44E+17,https://twitter.com/ignivacommodity/status/843893426001072129,Farm Equipment Accident
,3/20/2017 4:26,0,1,Pepper Ann dies before she hits 20,,,,,,Farm Equipment Accident
,3/19/2017 17:26,1,1,East Idaho man dies in farm equipment accident http://on.ktvb.com/2nTo9sz ,,,,8.44E+17,https://twitter.com/KTVB/status/843589529273417728,Farm Equipment Accident
,3/19/2017 15:33,0,0,(News Observer) #East #Idaho man dies in farm equipment accident : A Rexburg father has died after he became.. http://www.inusanews.com/article/1647421701/east-idaho-equipment-accident …,,,#East #Idaho,8.44E+17,https://twitter.com/inusanewscom/status/843561056853094400,Farm Equipment Accident
,3/19/2017 13:53,0,0,East Idaho man dies in farm equipment accident http://dlvr.it/NgJZZM  via @WashTimes,,@WashTimes,,8.44E+17,https://twitter.com/Chris_1791/status/843535867104772096,Farm Equipment Accident
,3/19/2017 13:51,0,0,Rexburg Standard Journal East Idaho Man Dies in Farm Equipment Accident U.S. News & World… http://goo.gl/IhKVW3 ,,,,8.44E+17,https://twitter.com/Idaho_Guide/status/843535357434040320,Farm Equipment Accident
,3/17/2017 22:31,0,0,Rexburg Man killed in farm equipment accident http://svine.ws/2Z9 ,,,,8.43E+17,https://twitter.com/svi/status/842941593183174656,Farm Equipment Accident
,1/21/2017 16:15,0,2,I like to imagine he's overcompensating for a tragic childhood accident to his manhood involving farm equipment & a pheasant.,,,,8.23E+17,https://twitter.com/kaleinmyteeth/status/822930700877733888,Farm Equipment Accident
,1/6/2017 10:00,0,0,Heavy Equipment: Amazing Farm Equipment Agricolture Tractor Modern Machine 2016 Accident: http://youtu.be/O_65Dplv1T4?a  via @YouTube,,@YouTube,,8.17E+17,https://twitter.com/janeltrotter231/status/817400372163702784,Farm Equipment Accident
,11/21/2016 12:54,0,0,"I just clicked on a sprite ad by accident and there were over 20 comments saying black people are farm equipment"" ON A SPRITE AD""",,,,8.01E+17,https://twitter.com/FinnCruise/status/800774474366910464,Farm Equipment Accident
,11/18/2016 8:23,20,35,Accident in Newman IL. No injuries but a good reminder to slow down for farm equipment. #farm #AgSafetypic.twitter.com/FlNc4N3saK,,,#farm #AgSafetypic,8.00E+17,https://twitter.com/ShaunPTyson/status/799618957888000000,Farm Equipment Accident
,11/16/2016 10:07,0,2,Watch out! Farm equipment still on roads. Via @keyc State Patrol Investigating Accident w/ Combine in Eagle Lake http://ow.ly/2RH8306etBl ,,@keyc,,7.99E+17,https://twitter.com/MNagriculture/status/798920421613547520,Farm Equipment Accident
,11/13/2016 22:32,1,9,I'm going to get in an accident someday from gocking at either Christmas lights or farm equipment...,,,,7.98E+17,https://twitter.com/cnrhamilton/status/798020828163997696,Farm Equipment Accident
,11/9/2016 16:06,0,0,Man airlifted to hospital after farm equipment accident http://cbs2iowa.com/news/local/man-airlifted-to-hospital-after-farm-equipment-accident …,,,,7.96E+17,https://twitter.com/cbs2iowa/status/796474011731562496,Farm Equipment Accident
,10/20/2016 14:48,0,5,People who pass farm equipment in no passing zones are asking to get in a car accident,,,,7.89E+17,https://twitter.com/Kaaaacccciiii/status/789191497253920769,Farm Equipment Accident
,10/17/2016 1:49,0,2,I hope whoever invented this dies in an accident involving farm equipment. (RT via: @3wombats)https://twitter.com/ladyaimless1/status/787898410179231744 …,,@3wombats,,7.88E+17,https://twitter.com/BernardisCloset/status/787908322976423936,Farm Equipment Accident
,10/16/2016 16:01,0,0,When we drive in rural areas,,,,,,Farm Equipment Accident
,10/14/2016 10:38,0,0,Labadie man killed in farm equipment accident http://www.stltoday.com/news/local/crime-and-courts/labadie-man-killed-in-farm-equipment-accident/article_1dcec15c-580d-5aaf-a552-16554deba0b7.html?utm_source=dlvr.it&utm_medium=twitter …,,,,7.87E+17,https://twitter.com/stltoday/status/786954231961878529,Farm Equipment Accident
,10/6/2016 19:14,0,0,Man dead following workplace accident on Surrey farm: The worker became trapped in a piece of farm equipment and… http://dlvr.it/MPl2ZJ pic.twitter.com/RGu5tpr9sb,,,,7.84E+17,https://twitter.com/POLSEdmonton/status/784184997531963393,Farm Equipment Accident
,9/17/2016 7:14,0,0,Co. 34 Unit 14 Farm equipment accident w/ entrapment Grange Hall Road,,,,7.77E+17,https://twitter.com/BedfordCountyFW/status/777118623714246657,Farm Equipment Accident
,9/1/2016 12:24,2,0,BREAKING: FATAL ACCIDENT on I-22 near New Albany. Involves farm equipment. East bound lanes blocked. pic.twitter.com/tsVenielJH,,,,7.71E+17,https://twitter.com/wtva9news/status/771398289698664448,Farm Equipment Accident
,8/8/2016 13:39,0,0,Please be carefull when following a piece of farm equipment down the road. They can not put food on your table if involved in an accident.,,,,7.63E+17,https://twitter.com/Asmodel1/status/762720009055526912,Farm Equipment Accident
,8/4/2016 19:55,0,1,Man dies in farm equipment accident in St. Joseph Co. http://wndu.com/a?a=389235512 ,,,,7.61E+17,https://twitter.com/WNDU/status/761365063219474432,Farm Equipment Accident
,8/4/2016 18:11,1,1,South Bend farmer dies from farm equipment accident: http://wsbt.com/news/local/south-bend-farmer-dies-from-farm-equipment-accident?8943 …,,,,7.61E+17,https://twitter.com/WSBT/status/761338764849475585,Farm Equipment Accident
,8/3/2016 9:28,0,0,Former sheriff of #HokeCounty dies in farm equipment accident in #GuilfordCounty Tuesday night. @NewsandRecordhttp://www.greensboro.com/news/local_news/guilford-county-officials-investigated-equipment-accident-tuesday-night/article_a9f1dac7-1c3f-5f01-a440-cca48dc1527c.html …,,@NewsandRecordhttp,#HokeCounty #GuilfordCounty,7.61E+17,https://twitter.com/_snewell_/status/760844780448325632,Farm Equipment Accident
,7/25/2016 17:46,1,0,#BREAKING: Child involved in accident with farm equipment in Clark Co.,,,,,,Farm Equipment Accident
,7/11/2016 10:35,0,0,Man dies during farm equipment accident http://ponews.co/29sKFln ,,,,7.53E+17,https://twitter.com/PONews/status/752526653650337792,Farm Equipment Accident
,6/25/2016 6:20,0,1,"and that couple need to die in a horrific farm equipment accident"" #ChipandJoJorule""",,,#ChipandJoJorule,7.47E+17,https://twitter.com/Gtwodagee/status/746664394193539072,Farm Equipment Accident
,6/20/2016 16:29,0,0,NRD board member Scott Japp is dead from a terrible farm equipment accident. You can discuss how controversial he... http://fb.me/7SdlyEeSI ,,,,7.45E+17,https://twitter.com/councilwoman/status/745005604461285376,Farm Equipment Accident
,6/19/2016 22:02,3,0,Papio-NRD's controversial board member,,,,,,Farm Equipment Accident
,6/16/2016 5:18,0,0,Pennsylvania State Police say a man was killed in a farm equipment accident. On Monday the victim was unloading... http://fb.me/5gXpNOvsH ,,,,7.43E+17,https://twitter.com/amandamanganarc/status/743387333739880448,Farm Equipment Accident
,6/13/2016 7:49,0,0,Motorcyclist dies in accident involving farm equipment in northeast Missouri http://www.kttn.com/motorcyclist-dies-in-accident-involving-farm-equipment-in-northeast-missouri/ …pic.twitter.com/erR9Q4QNYz,,,,7.42E+17,https://twitter.com/KTTNRadio/status/742338082209308672,Farm Equipment Accident
,5/28/2016 14:40,1,0,Serious accident on Route 9 south of Chazy hamlet. Reportedly involved motorcycle and farm equipment.,,,,7.37E+17,https://twitter.com/EditorSuzanne/status/736643371985457152,Farm Equipment Accident
,5/26/2016 1:20,0,1,my grandfather was a farmer,,,,,,Farm Equipment Accident
,5/6/2016 8:27,0,1,The accident I was talking about. Accident involving train and farm equipment in Atalissa http://kwqc.com/2016/05/05/accident-involving-train-and-farm-equipment-in-atalissa/ … via @wordpressdotcom,,@wordpressdotcom,,7.29E+17,https://twitter.com/iowa_redneck/status/728576896057794560,Farm Equipment Accident
,5/6/2016 6:29,0,1,Eastern Iowa man injured in accident at train crossing: A man driving a piece of farm equipment has been hosp... http://bit.ly/24xct1X ,,,,7.29E+17,https://twitter.com/KTTCNews/status/728547162649464832,Farm Equipment Accident
,4/24/2016 21:55,0,0,Farm Accidents | Norfolk NE Farm Equipment Accident Lawyers http://www.greatadvocates.com/farm-accident-lawyers …,,,,7.24E+17,https://twitter.com/dangold59/status/724431567444054016,Farm Equipment Accident
,3/22/2016 18:40,0,0,"McCoy's Log: My father had a terrible accident with a piece of farm equipment shortly after my second youngest brother Orin"" was born.""",,,,7.12E+17,https://twitter.com/TBseason1/status/712423819856781312,Farm Equipment Accident
,2/22/2016 14:26,0,0,Update: Fatal Farm Equipment Accident http://www.wrebfm.com/2016/02/22/update-fatal-farm-equipment-accident/ …,,,,7.02E+17,https://twitter.com/wrebfm/status/701865727326875648,Farm Equipment Accident
,2/15/2016 17:44,0,0,I lost one in a farm equipment accident. ( This #WhyImSingleAgain tag has me slightly confused...),,,#WhyImSingleAgain,6.99E+17,https://twitter.com/GlennWiens/status/699378804221849600,Farm Equipment Accident
,12/29/2015 15:44,0,0,@tattoojo last time I shaven my legs it looked like a farm equipment accident lol still missed spots,,@tattoojo,,6.82E+17,https://twitter.com/purpIegirll/status/681953999294205953,Farm Equipment Accident
,12/24/2015 20:03,0,0,Serious accident with extrication E 126th st and Parkside dr. In area of Xmas show Reynolds Farm Equipment John... http://fb.me/Lheuh2HS ,,,,6.80E+17,https://twitter.com/CIFGI/status/680207288087478273,Farm Equipment Accident
,12/24/2015 2:05,0,0,@NicoSmith001 Hi Nico,,,,,,Farm Equipment Accident
,12/23/2015 11:45,0,0,Single-Vehicle Accident Totals Car And Damages Farm Equipment http://www.1380kcim.com/news/2015/single-vehicle-accident-totals-car-and-damages-farm-equipment/ …,,,,6.80E+17,https://twitter.com/1380KCIM/status/679719484152786945,Farm Equipment Accident
,11/29/2015 7:37,0,0,"@Selmer62VI @FoxNews why was a 12 year old using mechanized farm equipment?"" NO! On a farm EVERYONE works! It was an ACCIDENT!!""",,@Selmer62VI @FoxNews,,6.71E+17,https://twitter.com/FrancesMotley/status/670959868594028544,Farm Equipment Accident
,11/14/2015 16:45,1,0,Coroner called to scene of West Earl farm accident,,,,,,Farm Equipment Accident
,11/4/2015 12:36,3,0,An accident involving a piece of farm equipment downed power lines in East Petersburg,,,,,,Farm Equipment Accident
,10/26/2015 22:07,0,1,Tragic accident Involving farm equipment Killer origin #HalloweenHaiku https://instagram.com/p/9U0r-Px_d2/ ,,,#HalloweenHaiku,6.59E+17,https://twitter.com/caseyfphoto/status/658842371233333248,Farm Equipment Accident
,10/22/2015 12:02,0,0,Fatal Motor Vehicle Accident involving Farm Equipment occurred in Dodge County http://bit.ly/1QXLSQP ,,,,6.57E+17,https://twitter.com/CBS58/status/657240618414960640,Farm Equipment Accident
,10/14/2015 10:09,0,0,THREE GIRLS KILLED IN FARMING ACCIDENT IN ALBERTA: Farm equipment is dangerous. It is not a playground. This... http://fb.me/5rvfMVeFI ,,,,6.54E+17,https://twitter.com/farmwife/status/654313070043508736,Farm Equipment Accident
,9/28/2015 18:19,0,0,Rear ending farm equipment is the most common accident between cars and farm equipment. http://bit.ly/1h484fp ,,,,6.49E+17,https://twitter.com/WKWattorneys/status/648638065368412160,Farm Equipment Accident
,9/25/2015 14:22,0,0,Resident frees man trapped from accident with farm equipment http://fb.me/GqydNPQB ,,,,6.47E+17,https://twitter.com/wclo1230/status/647491457528414208,Farm Equipment Accident
,9/21/2015 8:37,0,0,@Iceman43944 Hi Tiaan,,,,,,Farm Equipment Accident
,9/17/2015 16:50,6,5,Slow down! Operating farm equipment too fast on rough terrain could result in an accident. #SafeHarvestpic.twitter.com/WSkNVH1VC7,,,#SafeHarvestpic,6.45E+17,https://twitter.com/syngentacanada/status/644629621993009153,Farm Equipment Accident
,9/15/2015 6:58,0,0,Services : ,,,,,,Farm Equipment Accident
,8/28/2015 7:53,0,1,@lanettstewart Had a buddy get into an accident with his sprayer bc of yard sales on a narrow highway. Not fun with farm equipment!,,@lanettstewart,,6.37E+17,https://twitter.com/TheHippieFarmer/status/637246570430398464,Farm Equipment Accident
,8/20/2015 14:41,1,2,JUST IN: 22-year-old man killed in farm equipment accident in North Branford http://bit.ly/1MGL8kn ,,,,6.34E+17,https://twitter.com/NBCConnecticut/status/634450297553817604,Farm Equipment Accident
,8/14/2015 20:01,0,0,Man killed in Johnston Co. farm equipment accident: http://bit.ly/1LbhSPn?cid=twitter_TWCNewsRDU …pic.twitter.com/tCQrQ2b1w7,,,,6.32E+17,https://twitter.com/SpecNewsRDU/status/632356478939041792,Farm Equipment Accident
,8/6/2015 14:07,0,0,Running early = smooth sailing. Running late = stuck behind a slow truck,,,,,,Farm Equipment Accident
,7/28/2015 12:43,2,0,TRAFFIC: Lincoln Lake closed between Bailey and Vergennes near Lowell due to an accident involving farm equipment.,,,,6.26E+17,https://twitter.com/wzzm13/status/626085561455898624,Farm Equipment Accident
,7/20/2015 19:10,0,0,An accident occurred between a farm equipment vehicle and an SUV shortly after 4:30 p.m. on July 20 just south of... http://fb.me/3ZuhGFGuV ,,,,6.23E+17,https://twitter.com/headlightherald/status/623283965986668544,Farm Equipment Accident
,7/16/2015 6:28,1,3,Our Regional response to a significant farm equipment accident will be in the Sept Edition @FireEngineering Magazine look 4 it @BobbyHalton,,@FireEngineering @BobbyHalton,,6.22E+17,https://twitter.com/ChiefRubin/status/621642631710281728,Farm Equipment Accident
,7/13/2015 20:45,1,0,Man dies in WA farm equipment accident http://ow.ly/Pzmju  #farmsafety #sossafety,,,#farmsafety #sossafety,6.21E+17,https://twitter.com/SOS_Safety/status/620770981414608896,Farm Equipment Accident
,7/13/2015 17:50,0,0,Man dies in WA farm equipment accident: A man is dead after he became trapped under farming machinery in Weste... http://bit.ly/1HEcHmu ,,,,6.21E+17,https://twitter.com/theagebreaking/status/620726959614484480,Farm Equipment Accident
,7/13/2015 16:56,0,2,Man dies in WA farm equipment accident http://bit.ly/1DcTdEs ,,,,6.21E+17,https://twitter.com/dailytelegraph/status/620713348011814912,Farm Equipment Accident
,7/13/2015 16:43,0,0,Man dies in WA farm equipment accident: A 19-YEAR-OLD West Australian man is dead after he becam... http://sh.st/cLGjA  #BreakingNews,,,#BreakingNews,6.21E+17,https://twitter.com/Australia50News/status/620710187045818368,Farm Equipment Accident
,7/13/2015 16:06,2,1,West Australian man dies in farm equipment accident: http://9news.com.au/national/2015/07/14/06/30/man-dies-in-wa-farm-equipment-accident … #9News,,,#9News,6.21E+17,https://twitter.com/9NewsAUS/status/620700894242344960,Farm Equipment Accident
,7/6/2015 15:21,0,0,Please,,,,,,Farm Equipment Accident
,7/3/2015 16:38,0,0,my chances of perishing in a farm equipment accident have gone up considerably since moving here,,,,6.17E+17,https://twitter.com/Windkey/status/617085089994797056,Farm Equipment Accident
,6/12/2015 10:36,0,0,Charleston: Farm equipment turned into path of man who died in accident,,,,,,Farm Equipment Accident
,5/29/2015 13:55,0,0,Does farm equipment not have break lights or blinkers... Or they just waiting for an accident! Holy fuck,,,,6.04E+17,https://twitter.com/anderson_coutts/status/604360418153361408,Farm Equipment Accident
,5/5/2015 17:58,1,0,14 YO child received head injury after accident with farm equipment at Amish farm in W.Nottingham .Reported OK pic.twitter.com/DQrXfxr0KK,,,,5.96E+17,https://twitter.com/PeteBannan/status/595724158778085377,Farm Equipment Accident
,5/4/2015 20:37,0,0,Car vs Farm Equipment accident in the 8000 block of Long Rd in Versailles in Darke County. Crews on the scene.,,,,5.95E+17,https://twitter.com/ksandler71/status/595401813383389184,Farm Equipment Accident
,4/30/2015 15:34,0,0,Accident on Hwy 75 heading to Le Mars involving a semi carrying farm equipment. pic.twitter.com/Ng0APjm1Ky,,,,5.94E+17,https://twitter.com/SiouxlandNews/status/593876180308131840,Farm Equipment Accident
,4/24/2015 19:09,0,0,Farm Equipment and Tractor Accidents - Injured in an accident involving farm equipment in Texas? Call 1-877-405-43... http://ow.ly/2XQbVk ,,,,5.92E+17,https://twitter.com/jeffrasansky/status/591755841398775811,Farm Equipment Accident
,4/21/2015 12:37,0,0,An auto accident involving farm equipment can be fatal: During the recent Rural Roads Safety Week in Pennsylva... http://bit.ly/1yOMdkH ,,,,5.91E+17,https://twitter.com/LawPennsylvania/status/590569992246145024,Farm Equipment Accident
,4/16/2015 14:18,0,0,Our Maddock crew is responding to an outage northeast of Harvey. An accident between farm equipment and our power... http://fb.me/7i27o4qwK ,,,,5.89E+17,https://twitter.com/NPlainsElectric/status/588783556400406528,Farm Equipment Accident
,4/14/2015 17:50,0,0,@Ferrovore I feel fortunate I’ve escaped the hearing damage some of my relatives have,,,,,,Farm Equipment Accident
,3/26/2015 10:30,0,0,A 18-month-old boy was killed in an #accident involving farm equipment in #BarryCounty. Read more here… http://www.hollandsentinel.com/article/20150325/NEWS/150329360 … #tragedy,,,#accident #BarryCounty #tragedy,5.81E+17,https://twitter.com/SentinelJason/status/581115947806629888,Farm Equipment Accident
,3/14/2015 16:03,0,3,@BonnieTerbush @Dmpozz I just checked my upper arms. I look like I had an accident with farm equipment! #BruiseCentral,,@BonnieTerbush @Dmpozz,#BruiseCentral,5.77E+17,https://twitter.com/CandidKathryn/status/576851115146375169,Farm Equipment Accident
,3/9/2015 22:17,0,4,“miles i wish you’d tweet more pictures of farm equipment you found by accident” - you,,,,,,Farm Equipment Accident
,2/17/2015 11:09,0,0,Tractor collision – farm equipment accident! http://fb.me/7nvHQLEmj ,,,,5.68E+17,https://twitter.com/AKESafetyEquip/status/567732597917511682,Farm Equipment Accident
,1/27/2015 13:05,1,0,Victim identified,,,,,,Farm Equipment Accident
,1/27/2015 11:31,0,0,Farm equipment studied after fatal accident http://ow.ly/I2b8y ,,,,5.60E+17,https://twitter.com/OCHeadlines/status/560127871243812864,Farm Equipment Accident
,1/13/2015 16:57,0,0,"McCoy's Log: My father had a terrible accident with a piece of farm equipment shortly after my second youngest brother Orin"" was born.""",,,,5.55E+17,https://twitter.com/zootMcNutt/status/555136534815309824,Farm Equipment Accident
,1/7/2015 20:14,0,1,CHP responding to injury accident near intersection of Stuhr Rd. and Villa Manucha. Car versus farm equipment.,,,,5.53E+17,https://twitter.com/mattosnews/status/553011770562867200,Farm Equipment Accident
,12/28/2014 14:50,0,4,It's not a family gathering if there's not alcohol,,,,,,Farm Equipment Accident
,11/25/2014 18:00,0,0,@ElizabethhErin he got in an accident with farm equipment & was hurt really bad. in surgery.,,@ElizabethhErin,,5.37E+17,https://twitter.com/em_waddell13/status/537395510911332352,Farm Equipment Accident
,11/25/2014 12:40,0,0,Woman involved in farm equipment accident remains listed in satisfactory condition at Strong: http://mpnnow.com/article/20141125/NEWS/141129815 …,,,,5.37E+17,https://twitter.com/aselahcurtis/status/537314829699399680,Farm Equipment Accident
,11/21/2014 14:57,0,0,Update: Semi collides with tractor hauling farm equipment in U.S. Highway 71 accident http://bit.ly/1yAcvSz ,,,,5.36E+17,https://twitter.com/wctrib/status/535899743793065984,Farm Equipment Accident
,11/21/2014 10:59,0,1,#SaukCentreMN man airlifted to hospital after highway accident involving farm equipment. http://on.sctimes.com/1vwB71u ,,,#SaukCentreMN,5.36E+17,https://twitter.com/sctimes/status/535839957169209344,Farm Equipment Accident
,11/14/2014 13:43,0,0,Illinois car accident involving farm equipment proves fatal: In many areas where farming and agriculture are w... http://bit.ly/116PLOX ,,,,5.33E+17,https://twitter.com/InjuredChicago/status/533344502098841600,Farm Equipment Accident
,11/11/2014 6:56,0,0,Die in a helicopter accident in Afghanistan,,,,,,Farm Equipment Accident
,11/3/2014 10:56,0,0,Pickup and combine auto accident claims life of Illinois driver: Accidents that involve large farm equipment a... http://bit.ly/1x0PmIf ,,,,5.29E+17,https://twitter.com/Law_Illinois/status/529316122173005824,Farm Equipment Accident
,10/20/2014 14:55,0,0,**CRASH** Tammy says Bad accident on Bruce road 10 at the Roberts farm equipment intersection. Police,,,,,,Farm Equipment Accident
,10/20/2014 9:57,0,0,Maria Stein teenager injured in accident involving farm equipment http://bit.ly/1wjNfip  http://fb.me/3nTOItpfW ,,,,5.24E+17,https://twitter.com/WCSMRadio/status/524212776844410880,Farm Equipment Accident
,10/10/2014 16:29,1,3,Wait for the farm equipment please. Just saw a stupid accident about to happen. #urbanmessage,,,#urbanmessage,5.21E+17,https://twitter.com/waynekblack/status/520687567394840577,Farm Equipment Accident
,10/5/2014 11:34,0,0,las vegas Car strikes farm equipment in Lower Valley: Yakima Herald-Republic HARRAH,,,,,,Farm Equipment Accident
,10/5/2014 7:58,0,0,Driver Injured in Car vs Farm Equipment Accident in #Yakima County http://ow.ly/Cif6Y  @KAPPKVEWpic.twitter.com/Q07bMTFEN8,,@KAPPKVEWpic,#Yakima,5.19E+17,https://twitter.com/DanKAPPKVEW/status/518747004126515200,Farm Equipment Accident
,9/29/2014 0:33,4,0,An 8 year old girl is dead & her 11 year old friend is critical after an accident involving farm equipment in Co Cork #Tv3News,,,#Tv3News,5.16E+17,https://twitter.com/PaulByrne_1/status/516460804057882624,Farm Equipment Accident
,9/21/2014 16:15,0,0,Attica Man Killed in Alexander Farm Equipment Accident http://bit.ly/1sSJ2ij  #ROC #ROCBuzz,,,#ROC #ROCBuzz,5.14E+17,https://twitter.com/rocbuzz/status/513798579979173888,Farm Equipment Accident
,9/21/2014 16:04,0,0,Attica Man Killed in Alexander Farm Equipment Accident: An Attica man died Saturday after an accident involving a... http://dlvr.it/6zBZM4 ,,,,5.14E+17,https://twitter.com/rochesternybuzz/status/513795821536411649,Farm Equipment Accident
,9/21/2014 0:13,0,0,Man Killed in Alexander Farm Equipment Accident: A man was killed in an incident with a hay baler Saturday night. http://dlvr.it/6ytKmk ,,,,5.14E+17,https://twitter.com/rochesternybuzz/status/513556618122756098,Farm Equipment Accident
,9/20/2014 23:50,0,0,Man killed in Alexander farm equipment accident http://bit.ly/1wUcJX1 pic.twitter.com/llsSVuZkwi,,,,5.14E+17,https://twitter.com/SPECNewsROC/status/513550873121677313,Farm Equipment Accident
,9/15/2014 13:54,0,0,Man killed in farm equipment accident: HORTON,,,,,,Farm Equipment Accident
,9/2/2014 13:51,0,0,Wyoming County Man,,,,,,Farm Equipment Accident
,8/19/2014 7:18,0,0,Berry harvester accident.6 workers injured.Always check key parts of your #farm #equipment before use. http://www.kgw.com/story/news/local/2014/08/18/sandy-berry-harvester-flips-injuring-six/14249631/ …,,,#farm #equipment,5.02E+17,https://twitter.com/WalnutKitchenHS/status/501704840318164992,Farm Equipment Accident
,8/18/2014 18:03,1,0,Names not provided for 6 injured #farmworkers in farm equipment accident in Sandy,,,,,,Farm Equipment Accident
,8/18/2014 17:44,0,0,6 injured in farm equipment accident in Sandy http://ift.tt/1o78jCJ  #portland,,,#portland,5.02E+17,https://twitter.com/AgentPortland/status/501500026586415105,Farm Equipment Accident
,8/18/2014 16:26,2,0,6 injured in farm equipment accident in Sandy http://k2ne.ws/1pWI0TX  #LiveOnK2pic.twitter.com/4saiFLlH9L,,,#LiveOnK2pic,5.01E+17,https://twitter.com/KATUNews/status/501480286748565504,Farm Equipment Accident
,8/15/2014 15:10,3,1,8-year-old injured in farm equipment accident in Seneca County is recovering,,,,,,Farm Equipment Accident
,8/9/2014 14:07,0,0,@JennyMcCarthy wouldn't care if you got mangled in an accident involving farm equipment.. i'd still chase!,,@JennyMcCarthy,,4.98E+17,https://twitter.com/lykum1/status/498183690137395201,Farm Equipment Accident
,7/30/2014 10:13,0,0,Man #Killed in #Farm #Equipment #Accident http://wnep.com/2014/07/29/man-killed-in-farm-equipment-accident/ … http://fb.me/71utkbnT0 ,,,#Killed #Farm #Equipment #Accident,4.95E+17,https://twitter.com/USMWF/status/494500956495937536,Farm Equipment Accident
,7/15/2014 20:40,0,0,@jonfeng1 I mean,,,,,,Farm Equipment Accident
,7/12/2014 17:00,0,0,Tune in for @NBC12 News at 6! We start off with a man airlifted in Powhatan after a traumatic farm equipment accident,,@NBC12,,4.88E+17,https://twitter.com/MikevWUSA/status/488080383947182080,Farm Equipment Accident
,7/7/2014 13:29,0,0,Carmelo Rivera dies in accident with farm equipment in Bergen http://bit.ly/1kwRwrK ,,,,4.86E+17,https://twitter.com/newyorkfma/status/486215412711821312,Farm Equipment Accident
,7/4/2014 15:42,0,0,I'm having a hard time watching these farm equipment accident scenes. *squicked out* *shudder* #Emmerdale,,,#Emmerdale,4.85E+17,https://twitter.com/JennyFey1234/status/485161730452910080,Farm Equipment Accident
,6/17/2014 13:18,0,0,No One Hurt in Semi vs. Farm Equipment Accident http://bit.ly/1lw1uyT ,,,,4.79E+17,https://twitter.com/WVUTPBS/status/478964997989494784,Farm Equipment Accident
,6/17/2014 9:37,0,0,No one injured in semi vs. farm equipment accident this morning on US-41. Details at http://bit.ly/1lxsvw6 pic.twitter.com/vFiTjN2slj,,,,4.79E+17,https://twitter.com/WVUB/status/478909346814783488,Farm Equipment Accident
,6/12/2014 8:29,0,0,Accident involving farm equipment and a semi just south of South Bloomfield on SB US 23.,,,,4.77E+17,https://twitter.com/mbruning81/status/477080315421548544,Farm Equipment Accident
,5/29/2014 13:40,0,0,Gowanda school bus involved in accident with farm equipment http://www.buffalonews.com/city-region/cattaraugus-county/gowanda-school-bus-involved-in-accident-with-farm-equipment-20140529 …,,,,4.72E+17,https://twitter.com/TheBuffaloNews/status/472084989819908096,Farm Equipment Accident
,5/26/2014 13:08,0,0,The backs of my heels legitimately look like my feet were caught in some sort of tragic farm-equipment accident.,,,,4.71E+17,https://twitter.com/criseyde/status/470989840008232960,Farm Equipment Accident
,5/20/2014 15:41,0,0,Accident on S. Hwy 61 and 67th Ave. S involving a car and farm equipment. MPD on scene.,,,,4.69E+17,https://twitter.com/SBTisinger/status/468853931615858688,Farm Equipment Accident
,5/20/2014 9:04,0,0,Damn you cecil county and your farm equipment. First real accident today.,,,,4.69E+17,https://twitter.com/Britani_Alexis/status/468754116173242368,Farm Equipment Accident
,5/2/2014 11:31,0,0,Fuck I'm sick of people moving oversize farm equipment with no lights or pilot vehicles. One day there is going to be a MASSIVE accident,,,,4.62E+17,https://twitter.com/truckeryako/status/462268256732999680,Farm Equipment Accident
,4/25/2014 13:11,0,2,Why can't people respect farm equipment,,,,,,Farm Equipment Accident
,4/24/2014 20:44,0,0,WCIA-TV: WCIA is on the scene of a train vs. farm equipment accident near Savoy. We will... http://dlvr.it/5TqZ48 ,,,,4.60E+17,https://twitter.com/ILNewsNetwork/status/459508138333315072,Farm Equipment Accident
,4/24/2014 20:09,12,4,Picture from a viewer of the front of the train in the Train vs. Farm Equipment accident near Savoy. pic.twitter.com/jUw3gPbccg,,,,4.60E+17,https://twitter.com/Derick_Fabert/status/459499524583456768,Farm Equipment Accident
,4/5/2014 13:40,0,2,If I was in an accident and lost my arms,,,,,,Farm Equipment Accident
,2/12/2014 17:05,0,0,From KHQLocalNews: Idaho Man Dies In Farm Equipment Accident http://do.gd/1lERws0 ,,,,4.34E+17,https://twitter.com/SimondsData/status/433738605790777344,Farm Equipment Accident
,2/12/2014 17:04,0,0,Idaho man dies in farm equipment accident: Police say 54-year-old Antonio Ponce of Burley slipped and got caught... http://dlvr.it/4w5z9z ,,,,4.34E+17,https://twitter.com/boisedailynews/status/433738385274834944,Farm Equipment Accident
,2/7/2014 9:45,0,0,A Fund has been established to help a Sturgis man recover from a freak farm equipment accident.... http://fb.me/2ORF8klY0 ,,,,4.32E+17,https://twitter.com/kotatweets/status/431816098657218561,Farm Equipment Accident
,1/1/2014 21:04,0,7,Please say a prayer for one of our family friends who was involved in a farm equipment accident this evening.,,,,4.19E+17,https://twitter.com/kate_hattery/status/418578435401711616,Farm Equipment Accident
,12/26/2013 4:20,0,0,Calculate compensation for defective farm equipment accident with Claims solicitor | @scoopit http://sco.lt/6G2wAT ,,@scoopit,,4.16E+17,https://twitter.com/CarrieHailey/status/416151645068988416,Farm Equipment Accident
,12/26/2013 4:15,0,0,Calculate #compensation for defective farm #equipment #accident with #Claims #solicitors http://workaccidentclaimssolicitors.co.uk/defective-farm-equipment-accident.aspx …,,,#compensation #equipment #accident #Claims #solicitors,4.16E+17,https://twitter.com/CarrieHailey/status/416150257467002881,Farm Equipment Accident
,11/18/2013 21:19,0,0,Two operators of farm equipment escape injury in November 14 accident near Doon. November 21 Sioux County Capital-Democrat.,,,,4.03E+17,https://twitter.com/CapDemo/status/402637103609020416,Farm Equipment Accident
,11/18/2013 15:03,0,0,November 14 accident damages semi-tractor and farm equipment. No injuries were reported. November 21 Sioux County Capital-Democrat.,,,,4.03E+17,https://twitter.com/CapDemo/status/402542689196863488,Farm Equipment Accident
,11/10/2013 20:02,1,2,Farm equipment mechanic ChristopherVondracek,,,,,,Farm Equipment Accident
,11/7/2013 8:24,0,0,SQ investigating fatal accident in Saint-Vallier east of Lévis: 13yr-old died - mother drove into tractor hauling farm equipment. #cbcmtl,,,#cbcmtl,3.98E+17,https://twitter.com/CatouCBC/status/398456046642929664,Farm Equipment Accident
,10/24/2013 14:30,0,0,Farm Equipment accident in the Glades,,,,,,Farm Equipment Accident
,10/3/2013 11:03,0,0,Farm Equipment Accident On Highway 49: Angels Camp,,,,,,Farm Equipment Accident
,10/3/2013 7:45,2,0,#Horry SC RT @HCFRBattalion2: Helicopter requested to assist with accident involving farm equipment in Green Sea Community on HWY 9.,,@HCFRBattalion2,#Horry,3.86E+17,https://twitter.com/CarolinaScanner/status/385747450465492992,Farm Equipment Accident
,9/17/2013 18:05,3,1,Hoping the accident on meridian and 24 comes out okay,,,,,,Farm Equipment Accident
,9/16/2013 21:53,0,3,One of my bigger fears is having a car accident with farm equipment... A young girl shouldn't have to worry about that,,,,3.80E+17,https://twitter.com/meggplaant/status/379800189957337088,Farm Equipment Accident
,9/5/2013 14:46,0,0,Gtown Fire/EMS official tells me the man injured in the farm equipment accident did not suffer life-threatening inj. http://www.scnow.com/observer/news/article_062d2964-165d-11e3-a730-001a4bcf6878.html …,,,,3.76E+17,https://twitter.com/chrismckagen/status/375706489035309056,Farm Equipment Accident
,9/5/2013 14:05,0,0,Man injured severely in accident involving farm equipment in Hemingway http://www.scnow.com/observer/news/article_062d2964-165d-11e3-a730-001a4bcf6878.html …,,,,3.76E+17,https://twitter.com/chrismckagen/status/375696307714678784,Farm Equipment Accident
,8/31/2013 7:47,0,0,@NigelSlater @rlmagribusiness I used to drive all farm equipment till motorbike accident. Its well cool Nigel #farming,,@NigelSlater @rlmagribusiness,#farming,3.74E+17,https://twitter.com/Bezzagb10/status/373789243342331904,Farm Equipment Accident
,8/26/2013 18:22,0,0,Farm equipment left on highway 30 from semi accident http://fb.me/1tayg6Dmz ,,,,3.72E+17,https://twitter.com/tk50010/status/372137040793452544,Farm Equipment Accident
,8/21/2013 19:37,0,1,@remyysaraa *retweet* it scares me! Almost every time I see farm equipment on the road there is a near accident.,,@remyysaraa,,3.70E+17,https://twitter.com/nicolefranny_12/status/370343888755511297,Farm Equipment Accident
,8/20/2013 17:19,0,0,@MrsJamieLKing What happened? Did you have some kind of farm equipment accident?,,@MrsJamieLKing,,3.70E+17,https://twitter.com/notlife/status/369946875451174912,Farm Equipment Accident
,8/16/2013 3:46,0,0,Geezis. If anyone's needed a mass farm-equipment accident,,,,,,Farm Equipment Accident
,7/15/2013 20:12,0,0,Accident reminds motorists to be aware of farm equipment http://www.mywithersradio.com/centralia/?p=6184 … http://fb.me/34O3ZpCj4 ,,,,3.57E+17,https://twitter.com/wily1210/status/356944465988030464,Farm Equipment Accident
,7/15/2013 20:12,0,0,Accident reminds motorists to be aware of farm equipment http://www.mywithersradio.com/centralia/?p=6184 … http://fb.me/2SYDSaw3P ,,,,3.57E+17,https://twitter.com/wily1210/status/356944302473101312,Farm Equipment Accident
,7/7/2013 19:48,0,0,LEE COUNTY,,,,,,Farm Equipment Accident
,7/3/2013 14:00,0,1,You know what'd suck? If you spent a whole lotta money on an arm tattoo,,,,,,Farm Equipment Accident
,6/13/2013 14:36,0,1,Road to my house is blocked of because of a farm equipment accident @SmallTwnProbs,,@SmallTwnProbs,,3.45E+17,https://twitter.com/atohop71/status/345263390895251457,Farm Equipment Accident
,6/12/2013 13:59,0,0,BAD accident on HWY 2 beside clow farm equipment! #headsup,,,#headsup,3.45E+17,https://twitter.com/budnorris4/status/344891628781187073,Farm Equipment Accident
,5/31/2013 1:45,0,1,My Farm Equipment Accident fetiSh is taking me in 2 some dark corn fields,,,,3.40E+17,https://twitter.com/SwampsOfSadness/status/340358432773251073,Farm Equipment Accident
,5/28/2013 15:59,0,0,@Christal_L My beagle had an accident last night. Ran full tilt into farm equipment. Stitches.. Lots of stitches...,,@Christal_L,,3.39E+17,https://twitter.com/off_momma/status/339486038756057088,Farm Equipment Accident
,5/16/2013 9:59,0,0,Emergency officials are responding to an accident at or near Reynolds Farm Equipment in #Muncie.,,,#Muncie,3.35E+17,https://twitter.com/TheStarPress/status/335046886715174912,Farm Equipment Accident
,4/27/2013 22:56,0,1,@cherryvalentino BTW I don't think I've told you but I really hated to hear about your tragic farm equipment accident ...,,@cherryvalentino,,3.28E+17,https://twitter.com/_Portmanteau_/status/328357028886110208,Farm Equipment Accident
,4/27/2013 19:40,0,0,Man Killed in Farm Equipment Accident - ABC5 News Des Moines,,,,,,Farm Equipment Accident
,4/27/2013 19:38,0,0,Man Killed in Farm Equipment Accident: A central Iowa man has died after being crushed between two pieces of farm... http://dlvr.it/3Hwmzs ,,,,3.28E+17,https://twitter.com/desmoinesdaily/status/328307154824097792,Farm Equipment Accident
,4/25/2013 13:27,0,1,I lol every time I drive down zimmer and see the big ass cracks my grandpa ground into the road with farm equipment on accident.,,,,3.27E+17,https://twitter.com/i_love_HoneyZz/status/327489097008545792,Farm Equipment Accident
,4/23/2013 17:04,0,0,I can't be the only one eagerly awaiting Favre getting into a farm equipment accident,,,,3.27E+17,https://twitter.com/slipknottin/status/326818795199025153,Farm Equipment Accident
,4/17/2013 20:17,0,1,It's not a car chase without slow moving farm equipment and a mass-bicycle accident #Goldeneye,,,#Goldeneye,3.25E+17,https://twitter.com/Mr_Fantastic86/status/324693092131295232,Farm Equipment Accident
,3/19/2013 21:25,0,0,Kingman man killed in farm equipment accident: KINGMAN - A 51-year-old Kingman man was killed Tuesday... http://q.gs/3iMgf  #wichita,,,#wichita,3.14E+17,https://twitter.com/NewsWichitaKA/status/314201111877791744,Farm Equipment Accident
,3/19/2013 20:40,0,0,Kingman man killed in farm equipment accident http://tinyurl.com/czrt4zr ,,,,3.14E+17,https://twitter.com/HutchNews/status/314189633699340288,Farm Equipment Accident
,3/17/2013 12:52,0,0,Toddler Killed In Farm Accident - KNUJ - New Ulm: Authorities say that an apparent farm equipment accident cau... http://bit.ly/1161744 ,,,,3.13E+17,https://twitter.com/AgSafetyHealth/status/313347088463310848,Farm Equipment Accident
,3/17/2013 10:00,1,0,Riker is happily watching a documentary on farm equipment. Think maybe I have a Bohlender kid by accident? Documentaries? @JacksonB,,@JacksonB,,3.13E+17,https://twitter.com/Jennerith/status/313303735633846273,Farm Equipment Accident
,3/15/2013 17:19,0,0,2-year-old dies after farm accident: A 2-year-old boy has died after an apparent farm equipment accident. http://bit.ly/157tBHD ,,,,3.13E+17,https://twitter.com/austinherald/status/312689652698054656,Farm Equipment Accident
,3/15/2013 15:57,1,0,Young boy dies after farm accident in Hartland: A 2-year-old boy has died after an apparent farm equipment acc... http://bit.ly/10YvklN ,,,,3.13E+17,https://twitter.com/altribune/status/312668957339439104,Farm Equipment Accident
,2/23/2013 18:44,0,0,@farmersway Maybe they could accidentally have an accident with some form of farm equipment… accidentally.,,@farmersway,,3.05E+17,https://twitter.com/andanin/status/305478281564672001,Farm Equipment Accident
,1/13/2013 19:36,0,1,Killer ad lib,,,,,,Farm Equipment Accident
,1/8/2013 12:46,0,0,Jackson,,,,,,Farm Equipment Accident
,1/8/2013 11:18,0,0,Farm equipment accident hospitalizes Jones County woman: A Jones County woman is in stable condition in a Hattie... http://bit.ly/Zm9OBj ,,,,2.89E+17,https://twitter.com/tractorrestore/status/288696136452161536,Farm Equipment Accident
,1/8/2013 10:59,0,0,Jones County woman airlifted after farm equipment accident http://dlvr.it/2mDJ4P ,,,,2.89E+17,https://twitter.com/hburgamerican/status/288691291565486080,Farm Equipment Accident
,12/13/2012 23:10,0,1,@Arbitral thank you and in turn I hope you never die ambiguously by either hate crime or farm equipment accident,,@Arbitral,,2.79E+17,https://twitter.com/BreakingBadussy/status/279453190255149056,Farm Equipment Accident
,11/18/2012 14:33,0,0,Not happy I'm taking my bf to the ER bc of an accident with some farm equipment. You'd think a professional athlete would be more careful!!,,,,2.70E+17,https://twitter.com/sheridanhug/status/270263389811531777,Farm Equipment Accident
,11/12/2012 23:42,0,0,Latest News: Cuba Road resident injured in farm equipment accident: A Cuba Road man was reported in fair conditi... http://bit.ly/ZzjsT3 ,,,,2.68E+17,https://twitter.com/wnewsj/status/268227406672850944,Farm Equipment Accident
,11/12/2012 7:18,0,0,Amish teen dies in farm equipment mishap http://j.mp/SPXBSW  #accident #Amish #death,,,#accident #Amish #death,2.68E+17,https://twitter.com/CalicoRockMenno/status/267979682442510338,Farm Equipment Accident
,11/10/2012 20:46,1,1,@vicjackshow we pray everyday darlin'; we pray that you get hit by a bus or dismembered in a farm equipment accident. I'm prayin right now!,,@vicjackshow,,2.67E+17,https://twitter.com/Leisurist/status/267458352567689216,Farm Equipment Accident
,11/6/2012 13:35,2,0,Pendleton Co: US-220 is closed north of Ruddle due to an accident involving farm equipment overturning. Possible injuries.,,,,2.66E+17,https://twitter.com/WVDOT/status/265900220162912256,Farm Equipment Accident
,11/2/2012 16:01,0,0,"Please don't call me a Stupid ho."" I find that word very triggering due to an accident I had when I was young with some farm equipment.""",,,,2.64E+17,https://twitter.com/robodex/status/264472396914896896,Farm Equipment Accident
,10/30/2012 12:45,0,0,Accident that left teen trapped in farm equipment for four hours sparks Health and Safety Executi... http://bit.ly/XTIufG  #dereham #news,,,#dereham #news,2.63E+17,https://twitter.com/derehamtimes/status/263335940322373632,Farm Equipment Accident
,10/29/2012 23:58,0,0,@SUGASHANE43 youve officially beaten the life expectency odds of being named shane and not being involved in a fatal farm equipment accident,,@SUGASHANE43,,2.63E+17,https://twitter.com/crccronin/status/263142829587562496,Farm Equipment Accident
,10/23/2012 22:30,0,0,Farm equipment has been on all the roads today and in the news a woman died in a horse and buggy/SUV accident. Why is this where I live.,,,,2.61E+17,https://twitter.com/kanakoheart_vip/status/260946299967393792,Farm Equipment Accident
,10/14/2012 9:28,0,0,#Safety News: Man Killed in Farm Equipment Accident - YNN,,,,,,Farm Equipment Accident
,10/12/2012 15:18,0,0,Man Killed in Farm Equipment Accident: A man died today while working on farm equipment. It happened in Scottsville... http://dlvr.it/2JhKQ8 ,,,,2.57E+17,https://twitter.com/rochesternybuzz/status/256851309674766337,Farm Equipment Accident
,10/4/2012 18:26,1,0,The drive home was enlivened by a traffic accident,,,,,,Farm Equipment Accident
,9/6/2012 15:22,0,0,Watch out for farm equipment on the road! A Waterville man was injured in accident this morning after hitting a... http://fb.me/11nrkKw6L ,,,,2.44E+17,https://twitter.com/MarysvilleTweet/status/243806447073361921,Farm Equipment Accident
,8/15/2012 2:26,1,0,Man Struck And Killed In Car Accident: A person in the road directing a caravan of farm equipment is struck by a... http://bit.ly/PlrNrl ,,,,2.36E+17,https://twitter.com/WITN/status/235638535670071296,Farm Equipment Accident
,8/10/2012 7:24,0,0,Battery dead,,,,,,Farm Equipment Accident
,7/10/2012 11:19,0,0,Genoa rd just north of I-90 ~ Accident involving farm equipment. (Tractor),,,,2.23E+17,https://twitter.com/RockfordScanner/status/222726763539742722,Farm Equipment Accident
,6/30/2012 17:58,0,0,Bob Whittaker has been in an accident involving farm equipment. He has been airlifted to ST. John's. Please pray for him and his family,,,,2.19E+17,https://twitter.com/srccPrayerList/status/219203207459639296,Farm Equipment Accident
,6/12/2012 15:46,0,0,New,,,,,,Farm Equipment Accident
,6/12/2012 9:34,0,0,Marysville,,,,,,Farm Equipment Accident
,5/28/2012 5:40,1,0,Man Killed In Jessamine County Accident Involving Farm Equipment LEX18 Lexington KY News http://p.ost.im/p/etGC4K ,,,,2.07E+17,https://twitter.com/safetyphoto/status/207058818763468800,Farm Equipment Accident
,5/27/2012 22:27,1,0,Jessamine Co Sheriff and coroner say 70-yr-old John Blackford was killed in an accident involving farm equipment in a barn tonight.,,,,2.07E+17,https://twitter.com/NikkiBurdine/status/206949804545286145,Farm Equipment Accident
,4/30/2012 10:15,0,0,1 Year Old Killed Playing With Farm Equipment In Crazy Accident | http://RU-Crazy.Com  http://fb.me/1LuZuyJy2 ,,,,1.97E+17,https://twitter.com/rucrazy730/status/196981106665472001,Farm Equipment Accident
,4/17/2012 11:24,0,0,Clay County Arkansas : Clay County man dead following accident involving farm equipment - KAIT http://uxp.in/45959042 ,,,,1.92E+17,https://twitter.com/koparth/status/192287312518975488,Farm Equipment Accident
,4/6/2012 16:34,0,0,Farm Equipment Involved in 1 Injury Accident & 1 Fatal Collision on Missouri Roads Last Weekend: Our Missouri tr... http://bit.ly/HE5rHQ ,,,,1.88E+17,https://twitter.com/AaronSachsLaw/status/188379070436876288,Farm Equipment Accident
,4/6/2012 13:02,0,0,TRAFFIC ALERT: Accident with injuries on SR 68 approx 3 miles west of Poseyville IN ..2 vehicles & farm equipment involved. #tristateroads,,,#tristateroads,1.88E+17,https://twitter.com/EvansvilleWatch/status/188325826889134080,Farm Equipment Accident
,4/1/2012 14:54,0,0,Clay County man dead followin accident involvin farm equipment http://j.mp/H6KNF8  #belt #ClayCounty #Copyright #FordTaurus,,,#belt #ClayCounty #Copyright #FordTaurus,1.87E+17,https://twitter.com/ArkansasRecord/status/186542177680232448,Farm Equipment Accident
,3/20/2012 17:13,0,0,My old best friend from Ohio passed away yesterday in a farm equipment accident. He was 18. Please pray for his family. #RIPRyan,,,#RIPRyan,1.82E+17,https://twitter.com/davidihrig3/status/182228359227514880,Farm Equipment Accident
,2/15/2012 23:07,0,0,@maggiemunkee My high school librarian's cat lost all her legs in a farm equipment accident. She got around in a similar manner.,,@maggiemunkee,,1.70E+17,https://twitter.com/Vandamir/status/170011490248695808,Farm Equipment Accident
,2/13/2012 16:28,0,0,WIVT: Windsor Fatal Accident: A fatal farm equipment accident tipped off the Broome County Sheriff's Office tha... http://bit.ly/w95wWY ,,,,1.69E+17,https://twitter.com/binghamtonnews/status/169186108972871680,Farm Equipment Accident
,1/22/2012 18:12,0,0,“ @rebeccapdx: @Chris_K_Dillon cup it” // it? Have I been in a farm equipment accident?,,@rebeccapdx @Chris_K_Dillon,,1.61E+17,https://twitter.com/Chris_K_Dillon/status/161239861595086848,Farm Equipment Accident
,1/6/2012 16:49,0,0,@J_StackhouseCop *rubs your length carefully,,,,,,Farm Equipment Accident
,12/28/2011 16:33,0,0,Man killed in Clinton County farm accident - A man died in an apparent farm equipment accident in rural Goose Lake,,,,,,Farm Equipment Accident
,12/3/2011 4:42,0,0,Farm Equipment Accident Attorney John Gehlhausen http://bit.ly/ud2GWX ,,,,1.43E+17,https://twitter.com/thegetpr/status/142916518659891200,Farm Equipment Accident
,10/6/2011 9:56,0,0,@bryancallen fact214: lost his arms at age 5 in a farm equipment accident and had a cadavers legs put in place of his arms #legarmishisname,,@bryancallen,#legarmishisname,1.22E+17,https://twitter.com/ev81/status/121962140570628096,Farm Equipment Accident
,10/5/2011 1:11,0,0,"Do you think there was some kind of accident like farm equipment that killed him"" LOL""",,,,1.21E+17,https://twitter.com/poisoncupcake74/status/121467410598473728,Farm Equipment Accident
,8/30/2011 10:12,0,0,Tennessee Man Dies in Farm Equipment Accident http://bit.ly/niZw4e  . farm equipment,,,,1.09E+17,https://twitter.com/toecaptaic/status/108557684009205762,Farm Equipment Accident
,8/12/2011 14:53,0,0,@Nicole80017 clint ritche kind of retired to his ranch & then maybe 7 years ago passed away after a farm equipment accident.,,@Nicole80017,,1.02E+17,https://twitter.com/SonnyandBrenda/status/102105341461921792,Farm Equipment Accident
,8/8/2011 12:07,0,0,Tennessee Man Dies in Farm Equipment Accident: A 19-year-old Texas native died on Monday while diligently workin... http://bit.ly/r7dwvy,,,,1.01E+17,https://twitter.com/Page1Solutions/status/100614011825045504,Farm Equipment Accident
,8/4/2011 11:24,0,0,Counting the days till I hear the news of Luke Bryan dieing in a tragic farm equipment accident shooting a video. #SnarkWeek,,,#SnarkWeek,9.92E+16,https://twitter.com/KodywithaK723/status/99153721090506752,Farm Equipment Accident
,7/27/2011 0:47,0,0,Woman Killed After Accident Involving Farm Equipment #linkPittsburgh #Pittsburgh New Article: http://bit.ly/nxYEgW,,,#linkPittsburgh #Pittsburgh,9.61E+16,https://twitter.com/linkPGH/status/96094444448788481,Farm Equipment Accident
,7/26/2011 21:56,0,0,#WTAE BREAKING NEWS: Fatal accident involving farm equipment. Details NOW at 11.,,,#WTAE,9.61E+16,https://twitter.com/astockeyWTAE/status/96051197462593536,Farm Equipment Accident
,7/25/2011 22:37,0,0,Man killed in Turlock farm equipment accident http://tf.to/3vaP,,,,9.57E+16,https://twitter.com/sacramento_sun/status/95699165274836993,Farm Equipment Accident
,7/25/2011 22:32,0,0,Man killed in Turlock farm equipment accident - http://bit.ly/oMYsd0 #Turlock #California,,,#Turlock #California,9.57E+16,https://twitter.com/topix_insight/status/95697887819870209,Farm Equipment Accident
,7/25/2011 18:52,0,0,Man killed in Turlock farm equipment accident: TURLOCK - A man trying to tow farm equipment stuck in dirt was killed... http://dlvr.it/cYpFz,,,,9.56E+16,https://twitter.com/sactownbuzz/status/95642593802715136,Farm Equipment Accident
,7/20/2011 0:04,0,0,@kocksucker my accident. The ppl that died flipped and landed on farm equipment and were impaled and killed,,@kocksucker,,9.35E+16,https://twitter.com/jkoneman/status/93546828938743808,Farm Equipment Accident
,7/19/2011 15:17,0,0,@FingerLakesPR yes an accident involving a small bus or van and a piece of farm equipment...5 killed is the last I heard,,@FingerLakesPR,,9.34E+16,https://twitter.com/robinwsmith/status/93414293978087424,Farm Equipment Accident
,7/1/2011 17:39,0,0,@mpclemens steampunk farm equipment. a farm accident that leaves someone better off. #brainstorm,,@mpclemens,#brainstorm,8.69E+16,https://twitter.com/bearofroses/status/86926958897795072,Farm Equipment Accident
,6/27/2011 8:14,0,0,Farm Equipment Accident Statistics Important Information http://bit.ly/j3dL6k  important information,,,,8.53E+16,https://twitter.com/Linaguv/status/85335176976142336,Farm Equipment Accident
,6/23/2011 9:12,0,0,Kitten is recovering after farm equipment accident http://dlvr.it/XWCGT,,,,8.39E+16,https://twitter.com/LSJNews/status/83900137189019648,Farm Equipment Accident
,6/9/2011 19:45,0,0,Man killed in farm equipment accident in Pickaway County http://bit.ly/ifUnsO via http://outside.in/43113,,,,7.90E+16,https://twitter.com/43113/status/78986021722787841,Farm Equipment Accident
,5/29/2011 9:02,0,1,I know a guy who couldn’t give a fuck after a serious farm equipment accident.,,,,7.48E+16,https://twitter.com/venomjunkie2/status/74837963963502592,Farm Equipment Accident
,5/27/2011 8:08,0,0,Granville Man Killed In Farming Accident: A farm equipment accident kills a Granville farmer Thursday afternoon. http://bit.ly/jOVcmq,,,,7.41E+16,https://twitter.com/nbc4i/status/74099632111763457,Farm Equipment Accident
,5/27/2011 7:56,0,0,Granville Man Killed In Farming Accident: A farm equipment accident kills a Granville farmer Thursday afternoon. http://dlvr.it/TC3P9,,,,7.41E+16,https://twitter.com/buzzincolumbus/status/74096677765660672,Farm Equipment Accident
,5/25/2011 20:14,0,0,My neighbors daughter just was involved in a farm equipment accident and it sounds fatal..can't image what that family's going through,,,,7.36E+16,https://twitter.com/Daugherty07/status/73557683952820224,Farm Equipment Accident
,5/14/2011 15:31,0,0,#whatnottosayduringsex - It fell off in a tragic farm equipment accident... @msloulou,,@msloulou,#whatnottosayduringsex,6.95E+16,https://twitter.com/MrDulican/status/69500143522689025,Farm Equipment Accident
,5/14/2011 15:30,1,10,Am I the only one who assumes that if I can't feel a guy's dick when dry humping that it fell off in a tragic farm equipment accident?,,,,6.95E+16,https://twitter.com/msloulou/status/69499806875262976,Farm Equipment Accident
,4/13/2011 15:33,0,0,Farm Equipment Accident Leads To Hazmat Evacuation: An accident involving farm equipment leads to an evacuation ... http://bit.ly/hRyVWA,,,,5.83E+16,https://twitter.com/kmbc/status/58266623680843776,Farm Equipment Accident
,3/2/2011 14:29,0,0,News Update Man killed in farm equipment accident - ALMA — A 69-year-old rural Arcadia man died Tuesday after his cl... http://ow.ly/1bAdjN,,,,4.30E+16,https://twitter.com/LeaderTelegram/status/43045240948531200,Farm Equipment Accident
,1/21/2011 10:54,0,0,Yesterday's Lothian Barn Fire: No horses hurt,,,,,,Farm Equipment Accident
,1/14/2011 8:46,0,0,Barnett Implement fined over fatal accident: MOUNT VERNON — A Mount Vernon farm equipment company faces fines an... http://bit.ly/exvxPc,,,,2.59E+16,https://twitter.com/goskagit/status/25926634188050433,Farm Equipment Accident
,11/30/2010 9:05,0,0,Farm equipment sales look good. Floaters on Colden Pond. Skidmore man injured in auto accident. More at... http://fb.me/Mvxa4r3p,,,,9.62E+15,https://twitter.com/971TheVill/status/9624163614466048,Farm Equipment Accident
,11/13/2010 18:02,0,0,Beating farm equipment accident kid from a few years ago as the worst trauma I have EVER seen. He had no face from his eye sockets down.,,,,3.60E+15,https://twitter.com/obikink/status/3598725104533504,Farm Equipment Accident
,10/10/2010 11:52,0,0,Umatilla County Oregon : DEATH: Hermiston toddler dies in farm equipment accident - Mid Columbia Tri City Herald http://uxp.in/18449512,,,,26952873606,https://twitter.com/danzhiga/status/26952873606,Farm Equipment Accident
,10/6/2010 18:06,0,0,DEATH: Hermiston toddler dies in farm equipment accident: A 2-year-old Hermiston boy died after he got too close to... http://dlvr.it/6djrg,,,,26593700557,https://twitter.com/tricitieswanews/status/26593700557,Farm Equipment Accident
,10/6/2010 17:59,0,0,DEATH: Hermiston toddler dies in farm equipment accident: By Herald staff Irrigon A 2-year-old Hermiston boy died ... http://bit.ly/9QTE0O,,,,26593171515,https://twitter.com/Super_Duty_King/status/26593171515,Farm Equipment Accident
,8/13/2010 10:12,0,0,Post: Product Safety/ Farm Equipment Accident Attorney - John Gehlhausen http://bit.ly/dgbWc2,,,,21071659003,https://twitter.com/FarmTractors_/status/21071659003,Farm Equipment Accident
,8/3/2010 5:39,0,0,What do you think will happen from my car accident.? http://u.nu/9zkae,,,,20212254789,https://twitter.com/Farm_Equipment/status/20212254789,Farm Equipment Accident
,7/30/2010 17:43,0,0,So sorry to hear about another #farm equipment accident! It's a#dangerous#job for sure! @agville,,@agville,#farm #dangerous #job,19944964956,https://twitter.com/Megamaru/status/19944964956,Farm Equipment Accident
,7/30/2010 17:40,1,0,Police investigate fatal farm equipment accident in Urbana http://bit.ly/8XWwJq,,,,19944750616,https://twitter.com/agville/status/19944750616,Farm Equipment Accident
,7/14/2010 6:10,0,0,You can recover money for an accident involving farm equipment http://tinyurl.com/32a9cdh,,,,18511635149,https://twitter.com/PaulHinchliffe/status/18511635149,Farm Equipment Accident
,7/9/2010 21:45,0,0,Man Dies in Cabell County Farming Accident|A man working on a piece of farm equipment Friday afternoon was pinned .. http://oohja.com/xhD0k,,,,18166405036,https://twitter.com/ChinaManufBlog/status/18166405036,Farm Equipment Accident
,7/1/2010 12:21,0,0,Boy Gets $2.3 Million For Traumatic Amputation Accident By Farm Equipment. www.southfloridapersonalinjurylawyers.com,,,,17507874958,https://twitter.com/davidfuchslaw/status/17507874958,Farm Equipment Accident
,6/17/2010 8:39,0,0,A Moultrie County boy has been killed in a farm equipment accident http://is.gd/cSMxD,,,,16389423082,https://twitter.com/foxillinois/status/16389423082,Farm Equipment Accident
,6/2/2010 18:29,0,0,From @WCIA3News: Bement Man Killed in Farm Equipment Accident: A man who's worked with farm equipment... http://bit.ly/cmWPIc #chambananews,,@WCIA3News,#chambananews,15284489769,https://twitter.com/chambananews/status/15284489769,Farm Equipment Accident
,4/13/2010 0:57,0,0,@MattackTheDj idk but she looks like she got into a accident with farm equipment and ugly,,@MattackTheDj,,12089488091,https://twitter.com/Nickisnotfunny/status/12089488091,Farm Equipment Accident
,12/10/2009 0:00,0,0,Beaver County Man Dies In Farm Equipment Accident: A Beaver County man dies in a farming equipment accident in Inde... http://bit.ly/6PApQG,,,,6523413713,https://twitter.com/Afroman231/status/6523413713,Farm Equipment Accident
,11/20/2009 9:41,0,0,Inez man killed in farm accident: A 66-year-old man was crushed by a piece of farm equipment in the backyard of his... http://bit.ly/2X4j4p,,,,5892202589,https://twitter.com/texasfiredotcom/status/5892202589,Farm Equipment Accident
,11/14/2009 8:53,0,0,Wreck with farm equipment kills one: Jonesboro,,,,,,Farm Equipment Accident
,11/14/2009 0:04,0,0,Photos: Motor vehicle vs. farm equipment accident blocked Highway 151 http://bit.ly/3eFGo5,,,,5703034286,https://twitter.com/htrnews/status/5703034286,Farm Equipment Accident
,9/24/2009 23:29,0,0,Elkhart County toddler hospitalized after farm equipment accident: A toddler is in the hospital tonight after b.. http://bit.ly/MWalE,,,,4360988724,https://twitter.com/Elkhartnews/status/4360988724,Farm Equipment Accident
,7/20/2009 23:20,0,0,@punkrocker7 You only have one left toe? Freak accident with farm equipment?,,@punkrocker7,,2752195717,https://twitter.com/buchananchris/status/2752195717,Farm Equipment Accident
,7/20/2009 16:44,0,0,Six year-old dies in weekend farm equipment accident. http://bit.ly/GWZwy,,,,2746119008,https://twitter.com/skorioth/status/2746119008,Farm Equipment Accident
,7/14/2009 14:37,0,0,First responders are at the scene of a major accident on Highway 60 involving a vehicle and farm equipment outside PdS http://bit.ly/14iH0w,,,,2637540842,https://twitter.com/TheSPEagle/status/2637540842,Farm Equipment Accident
,5/29/2009 17:38,0,0,so far have seen one near-accident invoving a suburban,,,,,,Farm Equipment Accident
,5/27/2009 22:40,0,0,Local man killed in farm equipment accident - BladePlus: Local man killed in farm equipment accidentBladePlus,,,,,,Farm Equipment Accident
,5/25/2009 14:14,0,0,Emmanuel County Man Killed In Farm Equipment Accident http://ow.ly/97ES,,,,1915286896,https://twitter.com/WSAV/status/1915286896,Farm Equipment Accident
,5/19/2009 10:27,0,0,Watch out for farm equipment as farmers finally have some dry weather to get their work done! Already an accident on SR169 W of Ft Branch,,,,1848181924,https://twitter.com/wikydebramiller/status/1848181924,Farm Equipment Accident
,1/29/2009 18:20,0,0,Chris Kimball editorial w/tags: #charlie bentley,,,,,,Farm Equipment Accident
,11/12/2008 21:13,0,0,@overflowinbrain my uncle died in a horrible farm equipment accident - i never go around huge farm equipment :),,@overflowinbrain,,1003215228,https://twitter.com/tshumbie/status/1003215228,Farm Equipment Accident
